month,label,season,latitude,count,share
1,Jan,Summer,-44,0,0.0
1,Jan,Summer,-43,0,0.0
1,Jan,Summer,-42,0,0.0
1,Jan,Summer,-41,0,0.0
1,Jan,Summer,-40,0,0.0
1,Jan,Summer,-39,0,0.0
1,Jan,Summer,-38,25,0.009416195856873822
1,Jan,Summer,-37,83,0.031261770244821095
1,Jan,Summer,-36,175,0.06591337099811675
1,Jan,Summer,-35,177,0.06666666666666667
1,Jan,Summer,-34,194,0.07306967984934086
1,Jan,Summer,-33,127,0.04783427495291902
1,Jan,Summer,-32,438,0.16497175141242937
1,Jan,Summer,-31,64,0.024105461393596987
1,Jan,Summer,-30,60,0.022598870056497175
1,Jan,Summer,-29,65,0.02448210922787194
1,Jan,Summer,-28,253,0.09529190207156309
1,Jan,Summer,-27,261,0.09830508474576272
1,Jan,Summer,-26,56,0.021092278719397364
1,Jan,Summer,-25,54,0.020338983050847456
1,Jan,Summer,-24,27,0.010169491525423728
1,Jan,Summer,-23,16,0.006026365348399247
1,Jan,Summer,-22,3,0.0011299435028248588
1,Jan,Summer,-21,11,0.004143126177024482
1,Jan,Summer,-20,26,0.009792843691148776
1,Jan,Summer,-19,97,0.03653483992467043
1,Jan,Summer,-18,70,0.026365348399246705
1,Jan,Summer,-17,79,0.02975517890772128
1,Jan,Summer,-16,18,0.006779661016949152
1,Jan,Summer,-15,26,0.009792843691148776
1,Jan,Summer,-14,48,0.01807909604519774
1,Jan,Summer,-13,18,0.006779661016949152
1,Jan,Summer,-12,184,0.06930320150659133
1,Jan,Summer,-11,0,0.0
1,Jan,Summer,-10,0,0.0
2,Feb,Summer,-44,0,0.0
2,Feb,Summer,-43,0,0.0
2,Feb,Summer,-42,0,0.0
2,Feb,Summer,-41,0,0.0
2,Feb,Summer,-40,0,0.0
2,Feb,Summer,-39,0,0.0
2,Feb,Summer,-38,11,0.0053789731051344745
2,Feb,Summer,-37,49,0.023960880195599023
2,Feb,Summer,-36,117,0.05721271393643032
2,Feb,Summer,-35,173,0.08459657701711491
2,Feb,Summer,-34,113,0.05525672371638142
2,Feb,Summer,-33,111,0.05427872860635697
2,Feb,Summer,-32,274,0.13398533007334965
2,Feb,Summer,-31,56,0.027383863080684596
2,Feb,Summer,-30,39,0.019070904645476772
2,Feb,Summer,-29,34,0.016625916870415647
2,Feb,Summer,-28,216,0.10562347188264058
2,Feb,Summer,-27,332,0.16234718826405867
2,Feb,Summer,-26,35,0.017114914425427872
2,Feb,Summer,-25,32,0.015647921760391197
2,Feb,Summer,-24,17,0.008312958435207823
2,Feb,Summer,-23,17,0.008312958435207823
2,Feb,Summer,-22,3,0.001466992665036675
2,Feb,Summer,-21,22,0.010757946210268949
2,Feb,Summer,-20,22,0.010757946210268949
2,Feb,Summer,-19,67,0.03276283618581907
2,Feb,Summer,-18,45,0.022004889975550123
2,Feb,Summer,-17,64,0.03129584352078239
2,Feb,Summer,-16,8,0.003911980440097799
2,Feb,Summer,-15,5,0.0024449877750611247
2,Feb,Summer,-14,12,0.0058679706601467
2,Feb,Summer,-13,19,0.009290953545232274
2,Feb,Summer,-12,149,0.07286063569682151
2,Feb,Summer,-11,3,0.001466992665036675
2,Feb,Summer,-10,0,0.0
3,Mar,Autumn,-44,0,0.0
3,Mar,Autumn,-43,0,0.0
3,Mar,Autumn,-42,0,0.0
3,Mar,Autumn,-41,0,0.0
3,Mar,Autumn,-40,0,0.0
3,Mar,Autumn,-39,0,0.0
3,Mar,Autumn,-38,13,0.005492184199408534
3,Mar,Autumn,-37,54,0.022813688212927757
3,Mar,Autumn,-36,109,0.04604985213350232
3,Mar,Autumn,-35,78,0.032953105196451206
3,Mar,Autumn,-34,86,0.03633291085762569
3,Mar,Autumn,-33,47,0.019856358259400086
3,Mar,Autumn,-32,130,0.05492184199408534
3,Mar,Autumn,-31,50,0.021123785382340516
3,Mar,Autumn,-30,40,0.01689902830587241
3,Mar,Autumn,-29,73,0.030840726658217153
3,Mar,Autumn,-28,301,0.1271651880016899
3,Mar,Autumn,-27,402,0.16983523447401774
3,Mar,Autumn,-26,42,0.017743979721166033
3,Mar,Autumn,-25,55,0.02323616392057457
3,Mar,Autumn,-24,21,0.008871989860583017
3,Mar,Autumn,-23,52,0.021968736797634135
3,Mar,Autumn,-22,17,0.007182087029995775
3,Mar,Autumn,-21,37,0.01563160118293198
3,Mar,Autumn,-20,35,0.014786649767638362
3,Mar,Autumn,-19,150,0.06337135614702155
3,Mar,Autumn,-18,91,0.03844528939585974
3,Mar,Autumn,-17,165,0.0697084917617237
3,Mar,Autumn,-16,66,0.02788339670468948
3,Mar,Autumn,-15,22,0.009294465568229826
3,Mar,Autumn,-14,21,0.008871989860583017
3,Mar,Autumn,-13,47,0.019856358259400086
3,Mar,Autumn,-12,163,0.06886354034643008
3,Mar,Autumn,-11,0,0.0
3,Mar,Autumn,-10,0,0.0
4,Apr,Autumn,-44,0,0.0
4,Apr,Autumn,-43,0,0.0
4,Apr,Autumn,-42,0,0.0
4,Apr,Autumn,-41,0,0.0
4,Apr,Autumn,-40,0,0.0
4,Apr,Autumn,-39,0,0.0
4,Apr,Autumn,-38,0,0.0
4,Apr,Autumn,-37,3,0.001366120218579235
4,Apr,Autumn,-36,1,0.0004553734061930783
4,Apr,Autumn,-35,6,0.00273224043715847
4,Apr,Autumn,-34,4,0.0018214936247723133
4,Apr,Autumn,-33,5,0.002276867030965392
4,Apr,Autumn,-32,3,0.001366120218579235
4,Apr,Autumn,-31,3,0.001366120218579235
4,Apr,Autumn,-30,4,0.0018214936247723133
4,Apr,Autumn,-29,40,0.018214936247723135
4,Apr,Autumn,-28,300,0.1366120218579235
4,Apr,Autumn,-27,390,0.17759562841530055
4,Apr,Autumn,-26,50,0.022768670309653915
4,Apr,Autumn,-25,61,0.027777777777777776
4,Apr,Autumn,-24,31,0.014116575591985429
4,Apr,Autumn,-23,30,0.01366120218579235
4,Apr,Autumn,-22,16,0.007285974499089253
4,Apr,Autumn,-21,37,0.016848816029143898
4,Apr,Autumn,-20,50,0.022768670309653915
4,Apr,Autumn,-19,176,0.08014571948998178
4,Apr,Autumn,-18,223,0.10154826958105646
4,Apr,Autumn,-17,319,0.145264116575592
4,Apr,Autumn,-16,46,0.020947176684881604
4,Apr,Autumn,-15,36,0.01639344262295082
4,Apr,Autumn,-14,25,0.011384335154826957
4,Apr,Autumn,-13,38,0.017304189435336976
4,Apr,Autumn,-12,281,0.127959927140255
4,Apr,Autumn,-11,18,0.00819672131147541
4,Apr,Autumn,-10,0,0.0
5,May,Autumn,-44,0,0.0
5,May,Autumn,-43,0,0.0
5,May,Autumn,-42,0,0.0
5,May,Autumn,-41,0,0.0
5,May,Autumn,-40,0,0.0
5,May,Autumn,-39,0,0.0
5,May,Autumn,-38,0,0.0
5,May,Autumn,-37,0,0.0
5,May,Autumn,-36,0,0.0
5,May,Autumn,-35,0,0.0
5,May,Autumn,-34,0,0.0
5,May,Autumn,-33,0,0.0
5,May,Autumn,-32,0,0.0
5,May,Autumn,-31,0,0.0
5,May,Autumn,-30,6,0.002430133657351154
5,May,Autumn,-29,49,0.019846091535034426
5,May,Autumn,-28,329,0.1332523288780883
5,May,Autumn,-27,384,0.15552855407047386
5,May,Autumn,-26,50,0.02025111381125962
5,May,Autumn,-25,50,0.02025111381125962
5,May,Autumn,-24,20,0.008100445524503848
5,May,Autumn,-23,25,0.01012555690562981
5,May,Autumn,-22,28,0.011340623734305387
5,May,Autumn,-21,54,0.02187120291616039
5,May,Autumn,-20,70,0.028351559335763468
5,May,Autumn,-19,155,0.06277845281490482
5,May,Autumn,-18,254,0.10287565816119887
5,May,Autumn,-17,358,0.14499797488861887
5,May,Autumn,-16,172,0.06966383151073309
5,May,Autumn,-15,53,0.021466180639935196
5,May,Autumn,-14,65,0.026326447954637504
5,May,Autumn,-13,65,0.026326447954637504
5,May,Autumn,-12,258,0.10449574726609964
5,May,Autumn,-11,24,0.009720534629404616
5,May,Autumn,-10,0,0.0
6,Jun,Winter,-44,0,0.0
6,Jun,Winter,-43,0,0.0
6,Jun,Winter,-42,0,0.0
6,Jun,Winter,-41,0,0.0
6,Jun,Winter,-40,0,0.0
6,Jun,Winter,-39,0,0.0
6,Jun,Winter,-38,0,0.0
6,Jun,Winter,-37,0,0.0
6,Jun,Winter,-36,0,0.0
6,Jun,Winter,-35,0,0.0
6,Jun,Winter,-34,1,0.00030731407498463427
6,Jun,Winter,-33,0,0.0
6,Jun,Winter,-32,1,0.00030731407498463427
6,Jun,Winter,-31,0,0.0
6,Jun,Winter,-30,3,0.0009219422249539029
6,Jun,Winter,-29,48,0.014751075599262446
6,Jun,Winter,-28,292,0.08973570989551322
6,Jun,Winter,-27,534,0.16410571604179472
6,Jun,Winter,-26,73,0.022433927473878304
6,Jun,Winter,-25,54,0.016594960049170254
6,Jun,Winter,-24,17,0.005224339274738783
6,Jun,Winter,-23,33,0.010141364474492931
6,Jun,Winter,-22,27,0.008297480024585127
6,Jun,Winter,-21,62,0.019053472649047325
6,Jun,Winter,-20,71,0.021819299323909035
6,Jun,Winter,-19,184,0.05654578979717271
6,Jun,Winter,-18,280,0.0860479409956976
6,Jun,Winter,-17,387,0.11893054701905348
6,Jun,Winter,-16,327,0.10049170251997541
6,Jun,Winter,-15,117,0.035955746773202214
6,Jun,Winter,-14,132,0.040565457897971724
6,Jun,Winter,-13,167,0.05132145052243393
6,Jun,Winter,-12,433,0.13306699446834666
6,Jun,Winter,-11,11,0.003380454824830977
6,Jun,Winter,-10,0,0.0
7,Jul,Winter,-44,0,0.0
7,Jul,Winter,-43,0,0.0
7,Jul,Winter,-42,0,0.0
7,Jul,Winter,-41,0,0.0
7,Jul,Winter,-40,0,0.0
7,Jul,Winter,-39,0,0.0
7,Jul,Winter,-38,1,0.0002737476047084588
7,Jul,Winter,-37,1,0.0002737476047084588
7,Jul,Winter,-36,1,0.0002737476047084588
7,Jul,Winter,-35,0,0.0
7,Jul,Winter,-34,0,0.0
7,Jul,Winter,-33,0,0.0
7,Jul,Winter,-32,1,0.0002737476047084588
7,Jul,Winter,-31,1,0.0002737476047084588
7,Jul,Winter,-30,4,0.0010949904188338351
7,Jul,Winter,-29,56,0.015329865863673693
7,Jul,Winter,-28,264,0.07226936764303313
7,Jul,Winter,-27,411,0.11251026553517657
7,Jul,Winter,-26,51,0.013961127840131399
7,Jul,Winter,-25,65,0.017793594306049824
7,Jul,Winter,-24,40,0.010949904188338352
7,Jul,Winter,-23,51,0.013961127840131399
7,Jul,Winter,-22,21,0.005748699698877635
7,Jul,Winter,-21,135,0.036955926635641935
7,Jul,Winter,-20,81,0.02217355598138516
7,Jul,Winter,-19,255,0.069805639200657
7,Jul,Winter,-18,253,0.06925814399124007
7,Jul,Winter,-17,594,0.16260607719682452
7,Jul,Winter,-16,291,0.07966055297016152
7,Jul,Winter,-15,137,0.03750342184505886
7,Jul,Winter,-14,131,0.0358609362168081
7,Jul,Winter,-13,262,0.0717218724336162
7,Jul,Winter,-12,520,0.1423487544483986
7,Jul,Winter,-11,26,0.0071174377224199285
7,Jul,Winter,-10,0,0.0
8,Aug,Winter,-44,0,0.0
8,Aug,Winter,-43,0,0.0
8,Aug,Winter,-42,0,0.0
8,Aug,Winter,-41,0,0.0
8,Aug,Winter,-40,0,0.0
8,Aug,Winter,-39,0,0.0
8,Aug,Winter,-38,0,0.0
8,Aug,Winter,-37,0,0.0
8,Aug,Winter,-36,0,0.0
8,Aug,Winter,-35,0,0.0
8,Aug,Winter,-34,0,0.0
8,Aug,Winter,-33,9,0.0023955283470854403
8,Aug,Winter,-32,31,0.008251264306627629
8,Aug,Winter,-31,24,0.006388075592227841
8,Aug,Winter,-30,32,0.008517434122970456
8,Aug,Winter,-29,101,0.0268831514506255
8,Aug,Winter,-28,294,0.07825392600479106
8,Aug,Winter,-27,528,0.14053766302901252
8,Aug,Winter,-26,99,0.026350811817939846
8,Aug,Winter,-25,101,0.0268831514506255
8,Aug,Winter,-24,136,0.03619909502262444
8,Aug,Winter,-23,84,0.022358264572797444
8,Aug,Winter,-22,17,0.004524886877828055
8,Aug,Winter,-21,130,0.03460207612456748
8,Aug,Winter,-20,63,0.016768698429598085
8,Aug,Winter,-19,181,0.04817673675805164
8,Aug,Winter,-18,309,0.08224647324993346
8,Aug,Winter,-17,467,0.12430130423210008
8,Aug,Winter,-16,283,0.07532605802501996
8,Aug,Winter,-15,103,0.027415491083311153
8,Aug,Winter,-14,113,0.03007718924673942
8,Aug,Winter,-13,298,0.07931860527016237
8,Aug,Winter,-12,336,0.08943305829118978
8,Aug,Winter,-11,18,0.004791056694170881
8,Aug,Winter,-10,0,0.0
9,Sep,Spring,-44,0,0.0
9,Sep,Spring,-43,0,0.0
9,Sep,Spring,-42,0,0.0
9,Sep,Spring,-41,0,0.0
9,Sep,Spring,-40,0,0.0
9,Sep,Spring,-39,0,0.0
9,Sep,Spring,-38,0,0.0
9,Sep,Spring,-37,5,0.0013426423200859291
9,Sep,Spring,-36,46,0.012352309344790547
9,Sep,Spring,-35,22,0.005907626208378088
9,Sep,Spring,-34,45,0.012083780880773363
9,Sep,Spring,-33,70,0.018796992481203006
9,Sep,Spring,-32,100,0.02685284640171858
9,Sep,Spring,-31,87,0.023361976369495167
9,Sep,Spring,-30,69,0.01852846401718582
9,Sep,Spring,-29,116,0.031149301825993556
9,Sep,Spring,-28,311,0.08351235230934478
9,Sep,Spring,-27,442,0.11868958109559613
9,Sep,Spring,-26,86,0.02309344790547798
9,Sep,Spring,-25,92,0.024704618689581095
9,Sep,Spring,-24,132,0.03544575725026853
9,Sep,Spring,-23,82,0.02201933404940924
9,Sep,Spring,-22,24,0.00644468313641246
9,Sep,Spring,-21,65,0.01745435016111708
9,Sep,Spring,-20,41,0.01100966702470462
9,Sep,Spring,-19,164,0.04403866809881848
9,Sep,Spring,-18,265,0.07116004296455425
9,Sep,Spring,-17,463,0.12432867883995703
9,Sep,Spring,-16,115,0.03088077336197637
9,Sep,Spring,-15,112,0.03007518796992481
9,Sep,Spring,-14,155,0.041621911922663804
9,Sep,Spring,-13,236,0.06337271750805586
9,Sep,Spring,-12,350,0.09398496240601503
9,Sep,Spring,-11,29,0.007787325456498389
9,Sep,Spring,-10,0,0.0
10,Oct,Spring,-44,0,0.0
10,Oct,Spring,-43,0,0.0
10,Oct,Spring,-42,0,0.0
10,Oct,Spring,-41,0,0.0
10,Oct,Spring,-40,0,0.0
10,Oct,Spring,-39,0,0.0
10,Oct,Spring,-38,29,0.0051601423487544484
10,Oct,Spring,-37,77,0.013701067615658364
10,Oct,Spring,-36,328,0.058362989323843414
10,Oct,Spring,-35,405,0.07206405693950178
10,Oct,Spring,-34,322,0.057295373665480424
10,Oct,Spring,-33,274,0.04875444839857651
10,Oct,Spring,-32,477,0.08487544483985765
10,Oct,Spring,-31,242,0.04306049822064057
10,Oct,Spring,-30,153,0.02722419928825623
10,Oct,Spring,-29,172,0.030604982206405694
10,Oct,Spring,-28,344,0.06120996441281139
10,Oct,Spring,-27,610,0.10854092526690391
10,Oct,Spring,-26,82,0.014590747330960854
10,Oct,Spring,-25,158,0.028113879003558717
10,Oct,Spring,-24,98,0.017437722419928827
10,Oct,Spring,-23,50,0.008896797153024912
10,Oct,Spring,-22,11,0.0019572953736654805
10,Oct,Spring,-21,48,0.008540925266903915
10,Oct,Spring,-20,27,0.004804270462633452
10,Oct,Spring,-19,136,0.024199288256227757
10,Oct,Spring,-18,414,0.07366548042704626
10,Oct,Spring,-17,434,0.07722419928825623
10,Oct,Spring,-16,40,0.0071174377224199285
10,Oct,Spring,-15,63,0.011209964412811389
10,Oct,Spring,-14,123,0.021886120996441282
10,Oct,Spring,-13,129,0.022953736654804272
10,Oct,Spring,-12,356,0.06334519572953737
10,Oct,Spring,-11,18,0.003202846975088968
10,Oct,Spring,-10,0,0.0
11,Nov,Spring,-44,0,0.0
11,Nov,Spring,-43,1,0.0002803476310625175
11,Nov,Spring,-42,0,0.0
11,Nov,Spring,-41,0,0.0
11,Nov,Spring,-40,0,0.0
11,Nov,Spring,-39,0,0.0
11,Nov,Spring,-38,8,0.00224278104850014
11,Nov,Spring,-37,111,0.031118587047939444
11,Nov,Spring,-36,289,0.08102046537706756
11,Nov,Spring,-35,327,0.09167367535744322
11,Nov,Spring,-34,201,0.056349873843566024
11,Nov,Spring,-33,247,0.06924586487244183
11,Nov,Spring,-32,372,0.10428931875525652
11,Nov,Spring,-31,116,0.032520325203252036
11,Nov,Spring,-30,112,0.03139893467900196
11,Nov,Spring,-29,96,0.02691337258200168
11,Nov,Spring,-28,197,0.05522848331931595
11,Nov,Spring,-27,272,0.07625455564900477
11,Nov,Spring,-26,187,0.05242500700869078
11,Nov,Spring,-25,77,0.021586767591813848
11,Nov,Spring,-24,102,0.028595458368376788
11,Nov,Spring,-23,40,0.011213905242500702
11,Nov,Spring,-22,16,0.00448556209700028
11,Nov,Spring,-21,25,0.007008690776562938
11,Nov,Spring,-20,54,0.015138772077375946
11,Nov,Spring,-19,118,0.033081020465377066
11,Nov,Spring,-18,126,0.03532380151387721
11,Nov,Spring,-17,189,0.05298570227081581
11,Nov,Spring,-16,25,0.007008690776562938
11,Nov,Spring,-15,18,0.005046257359125316
11,Nov,Spring,-14,36,0.010092514718250631
11,Nov,Spring,-13,42,0.011774600504625737
11,Nov,Spring,-12,162,0.045416316232127836
11,Nov,Spring,-11,1,0.0002803476310625175
11,Nov,Spring,-10,0,0.0
12,Dec,Summer,-44,0,0.0
12,Dec,Summer,-43,0,0.0
12,Dec,Summer,-42,0,0.0
12,Dec,Summer,-41,0,0.0
12,Dec,Summer,-40,0,0.0
12,Dec,Summer,-39,0,0.0
12,Dec,Summer,-38,16,0.006688963210702341
12,Dec,Summer,-37,39,0.016304347826086956
12,Dec,Summer,-36,186,0.07775919732441472
12,Dec,Summer,-35,208,0.08695652173913043
12,Dec,Summer,-34,109,0.045568561872909696
12,Dec,Summer,-33,146,0.061036789297658864
12,Dec,Summer,-32,324,0.1354515050167224
12,Dec,Summer,-31,68,0.028428093645484948
12,Dec,Summer,-30,43,0.01797658862876254
12,Dec,Summer,-29,83,0.03469899665551839
12,Dec,Summer,-28,227,0.09489966555183947
12,Dec,Summer,-27,306,0.12792642140468227
12,Dec,Summer,-26,52,0.021739130434782608
12,Dec,Summer,-25,58,0.024247491638795988
12,Dec,Summer,-24,29,0.012123745819397994
12,Dec,Summer,-23,21,0.008779264214046822
12,Dec,Summer,-22,14,0.005852842809364548
12,Dec,Summer,-21,19,0.00794314381270903
12,Dec,Summer,-20,21,0.008779264214046822
12,Dec,Summer,-19,77,0.032190635451505016
12,Dec,Summer,-18,56,0.023411371237458192
12,Dec,Summer,-17,100,0.04180602006688963
12,Dec,Summer,-16,17,0.007107023411371237
12,Dec,Summer,-15,14,0.005852842809364548
12,Dec,Summer,-14,11,0.00459866220735786
12,Dec,Summer,-13,45,0.018812709030100336
12,Dec,Summer,-12,103,0.04306020066889632
12,Dec,Summer,-11,0,0.0
12,Dec,Summer,-10,0,0.0
