season,latitude,longitude,count
Summer,-12.0,131.0,428
Summer,-12.0,137.0,3
Summer,-13.0,131.0,45
Summer,-13.0,133.0,7
Summer,-13.0,136.0,2
Summer,-13.0,143.0,9
Summer,-14.0,132.0,67
Summer,-15.0,128.0,4
Summer,-15.0,131.0,3
Summer,-15.0,132.0,28
Summer,-15.0,133.0,5
Summer,-16.0,126.0,4
Summer,-16.0,128.0,5
Summer,-16.0,129.0,18
Summer,-16.0,131.0,5
Summer,-16.0,145.0,5
Summer,-17.0,128.0,2
Summer,-17.0,141.0,5
Summer,-17.0,145.0,45
Summer,-17.0,146.0,188
Summer,-18.0,122.0,119
Summer,-18.0,123.0,12
Summer,-18.0,124.0,2
Summer,-18.0,125.0,3
Summer,-18.0,126.0,5
Summer,-18.0,128.0,2
Summer,-18.0,141.0,4
Summer,-18.0,146.0,21
Summer,-19.0,146.0,23
Summer,-19.0,147.0,213
Summer,-20.0,119.0,31
Summer,-20.0,121.0,4
Summer,-20.0,134.0,2
Summer,-20.0,147.0,22
Summer,-20.0,148.0,7
Summer,-21.0,117.0,9
Summer,-21.0,120.0,12
Summer,-21.0,149.0,19
Summer,-22.0,114.0,7
Summer,-22.0,119.0,2
Summer,-23.0,120.0,7
Summer,-23.0,131.0,9
Summer,-23.0,150.0,9
Summer,-23.0,151.0,12
Summer,-23.0,152.0,1
Summer,-24.0,116.0,4
Summer,-24.0,133.0,4
Summer,-24.0,134.0,24
Summer,-24.0,145.0,3
Summer,-24.0,150.0,4
Summer,-24.0,151.0,17
Summer,-24.0,152.0,10
Summer,-25.0,131.0,9
Summer,-25.0,146.0,1
Summer,-25.0,152.0,106
Summer,-25.0,153.0,20
Summer,-26.0,146.0,1
Summer,-26.0,153.0,129
Summer,-27.0,149.0,7
Summer,-27.0,150.0,1
Summer,-27.0,151.0,6
Summer,-27.0,152.0,21
Summer,-27.0,153.0,863
Summer,-28.0,114.0,4
Summer,-28.0,115.0,3
Summer,-28.0,140.0,2
Summer,-28.0,145.0,4
Summer,-28.0,149.0,9
Summer,-28.0,150.0,2
Summer,-28.0,151.0,11
Summer,-28.0,152.0,50
Summer,-28.0,153.0,485
Summer,-28.0,154.0,113
Summer,-29.0,115.0,7
Summer,-29.0,117.0,2
Summer,-29.0,118.0,1
Summer,-29.0,141.0,3
Summer,-29.0,145.0,1
Summer,-29.0,148.0,5
Summer,-29.0,149.0,8
Summer,-29.0,150.0,1
Summer,-29.0,151.0,1
Summer,-29.0,152.0,6
Summer,-29.0,153.0,44
Summer,-29.0,154.0,103
Summer,-30.0,116.0,1
Summer,-30.0,117.0,9
Summer,-30.0,150.0,7
Summer,-30.0,151.0,11
Summer,-30.0,153.0,106
Summer,-31.0,115.0,4
Summer,-31.0,116.0,3
Summer,-31.0,121.0,13
Summer,-31.0,147.0,4
Summer,-31.0,148.0,2
Summer,-31.0,149.0,11
Summer,-31.0,150.0,3
Summer,-31.0,151.0,11
Summer,-31.0,152.0,2
Summer,-31.0,153.0,113
Summer,-32.0,115.0,4
Summer,-32.0,116.0,746
Summer,-32.0,117.0,35
Summer,-32.0,118.0,5
Summer,-32.0,122.0,4
Summer,-32.0,126.0,19
Summer,-32.0,133.0,6
Summer,-32.0,138.0,20
Summer,-32.0,141.0,5
Summer,-32.0,142.0,6
Summer,-32.0,146.0,4
Summer,-32.0,149.0,9
Summer,-32.0,150.0,17
Summer,-32.0,151.0,29
Summer,-32.0,152.0,35
Summer,-32.0,153.0,66
Summer,-33.0,116.0,29
Summer,-33.0,117.0,89
Summer,-33.0,123.0,9
Summer,-33.0,137.0,19
Summer,-33.0,138.0,9
Summer,-33.0,139.0,4
Summer,-33.0,146.0,90
Summer,-33.0,148.0,3
Summer,-33.0,149.0,7
Summer,-33.0,150.0,27
Summer,-33.0,151.0,43
Summer,-33.0,152.0,33
Summer,-34.0,115.0,15
Summer,-34.0,116.0,14
Summer,-34.0,117.0,7
Summer,-34.0,118.0,9
Summer,-34.0,119.0,1
Summer,-34.0,138.0,10
Summer,-34.0,139.0,30
Summer,-34.0,140.0,86
Summer,-34.0,141.0,40
Summer,-34.0,142.0,28
Summer,-34.0,144.0,3
Summer,-34.0,146.0,10
Summer,-34.0,148.0,15
Summer,-34.0,149.0,35
Summer,-34.0,151.0,106
Summer,-35.0,118.0,1
Summer,-35.0,139.0,189
Summer,-35.0,140.0,13
Summer,-35.0,141.0,12
Summer,-35.0,142.0,131
Summer,-35.0,143.0,59
Summer,-35.0,144.0,10
Summer,-35.0,145.0,24
Summer,-35.0,146.0,11
Summer,-35.0,147.0,22
Summer,-35.0,148.0,13
Summer,-35.0,149.0,69
Summer,-36.0,141.0,1
Summer,-36.0,142.0,50
Summer,-36.0,143.0,4
Summer,-36.0,144.0,114
Summer,-36.0,145.0,88
Summer,-36.0,146.0,112
Summer,-36.0,147.0,51
Summer,-36.0,148.0,10
Summer,-36.0,149.0,47
Summer,-37.0,141.0,2
Summer,-37.0,142.0,17
Summer,-37.0,143.0,6
Summer,-37.0,144.0,97
Summer,-37.0,145.0,40
Summer,-37.0,146.0,3
Summer,-37.0,147.0,2
Summer,-37.0,148.0,2
Summer,-38.0,144.0,50
Summer,-38.0,145.0,1
Summer,-38.0,147.0,1
Summer,-11.0,142.0,3
Summer,-12.0,135.0,1
Summer,-12.0,136.0,4
Summer,-13.0,130.0,19
Summer,-14.0,136.0,1
Summer,-16.0,133.0,2
Summer,-17.0,124.0,1
Summer,-19.0,122.0,3
Summer,-21.0,148.0,2
Summer,-22.0,120.0,1
Summer,-23.0,144.0,6
Summer,-26.0,114.0,6
Summer,-26.0,130.0,1
Summer,-26.0,149.0,2
Summer,-27.0,144.0,1
Summer,-28.0,118.0,1
Summer,-30.0,115.0,2
Summer,-30.0,121.0,2
Summer,-30.0,146.0,2
Summer,-30.0,147.0,1
Summer,-31.0,117.0,3
Summer,-31.0,139.0,3
Summer,-31.0,142.0,6
Summer,-31.0,146.0,6
Summer,-32.0,123.0,1
Summer,-32.0,127.0,3
Summer,-32.0,129.0,6
Summer,-32.0,139.0,2
Summer,-32.0,143.0,4
Summer,-32.0,144.0,2
Summer,-32.0,145.0,1
Summer,-32.0,148.0,1
Summer,-33.0,142.0,1
Summer,-33.0,143.0,1
Summer,-33.0,147.0,4
Summer,-34.0,143.0,2
Summer,-34.0,150.0,4
Summer,-35.0,138.0,2
Autumn,-12.0,131.0,685
Autumn,-12.0,132.0,3
Autumn,-12.0,136.0,3
Autumn,-13.0,131.0,106
Autumn,-13.0,132.0,11
Autumn,-13.0,133.0,20
Autumn,-13.0,142.0,4
Autumn,-14.0,131.0,11
Autumn,-14.0,132.0,94
Autumn,-14.0,136.0,1
Autumn,-15.0,128.0,20
Autumn,-15.0,132.0,38
Autumn,-15.0,133.0,15
Autumn,-16.0,128.0,42
Autumn,-16.0,129.0,110
Autumn,-16.0,133.0,8
Autumn,-16.0,145.0,72
Autumn,-17.0,122.0,5
Autumn,-17.0,126.0,5
Autumn,-17.0,141.0,6
Autumn,-17.0,145.0,333
Autumn,-17.0,146.0,453
Autumn,-18.0,122.0,412
Autumn,-18.0,123.0,32
Autumn,-18.0,126.0,30
Autumn,-18.0,141.0,10
Autumn,-18.0,143.0,17
Autumn,-18.0,145.0,10
Autumn,-18.0,146.0,35
Autumn,-19.0,122.0,1
Autumn,-19.0,134.0,4
Autumn,-19.0,143.0,3
Autumn,-19.0,146.0,73
Autumn,-19.0,147.0,391
Autumn,-20.0,119.0,45
Autumn,-20.0,134.0,21
Autumn,-20.0,146.0,6
Autumn,-20.0,147.0,29
Autumn,-21.0,117.0,17
Autumn,-21.0,119.0,10
Autumn,-21.0,120.0,10
Autumn,-21.0,139.0,2
Autumn,-21.0,140.0,30
Autumn,-21.0,141.0,3
Autumn,-21.0,144.0,5
Autumn,-21.0,146.0,1
Autumn,-21.0,147.0,3
Autumn,-21.0,149.0,37
Autumn,-22.0,114.0,22
Autumn,-22.0,116.0,5
Autumn,-22.0,117.0,9
Autumn,-22.0,143.0,3
Autumn,-23.0,119.0,5
Autumn,-23.0,120.0,12
Autumn,-23.0,131.0,8
Autumn,-23.0,143.0,4
Autumn,-23.0,144.0,9
Autumn,-23.0,145.0,18
Autumn,-23.0,148.0,6
Autumn,-23.0,149.0,3
Autumn,-23.0,150.0,15
Autumn,-23.0,151.0,16
Autumn,-24.0,134.0,13
Autumn,-24.0,144.0,1
Autumn,-24.0,145.0,3
Autumn,-24.0,148.0,3
Autumn,-24.0,151.0,27
Autumn,-24.0,152.0,16
Autumn,-25.0,131.0,12
Autumn,-25.0,143.0,2
Autumn,-25.0,150.0,2
Autumn,-25.0,152.0,103
Autumn,-25.0,153.0,32
Autumn,-26.0,114.0,5
Autumn,-26.0,148.0,1
Autumn,-26.0,152.0,14
Autumn,-26.0,153.0,121
Autumn,-27.0,134.0,1
Autumn,-27.0,149.0,12
Autumn,-27.0,150.0,5
Autumn,-27.0,151.0,5
Autumn,-27.0,152.0,47
Autumn,-27.0,153.0,1103
Autumn,-28.0,114.0,1
Autumn,-28.0,136.0,1
Autumn,-28.0,145.0,8
Autumn,-28.0,146.0,11
Autumn,-28.0,147.0,3
Autumn,-28.0,149.0,2
Autumn,-28.0,151.0,9
Autumn,-28.0,152.0,47
Autumn,-28.0,153.0,799
Autumn,-28.0,154.0,49
Autumn,-29.0,147.0,1
Autumn,-29.0,151.0,2
Autumn,-29.0,152.0,5
Autumn,-29.0,153.0,45
Autumn,-29.0,154.0,109
Autumn,-30.0,142.0,2
Autumn,-30.0,146.0,3
Autumn,-30.0,150.0,3
Autumn,-30.0,151.0,18
Autumn,-30.0,153.0,24
Autumn,-31.0,116.0,1
Autumn,-31.0,117.0,1
Autumn,-31.0,118.0,2
Autumn,-31.0,121.0,1
Autumn,-31.0,138.0,2
Autumn,-31.0,139.0,3
Autumn,-31.0,142.0,18
Autumn,-31.0,143.0,2
Autumn,-31.0,144.0,2
Autumn,-31.0,146.0,1
Autumn,-31.0,148.0,1
Autumn,-31.0,149.0,5
Autumn,-31.0,151.0,1
Autumn,-31.0,152.0,5
Autumn,-31.0,153.0,8
Autumn,-32.0,116.0,52
Autumn,-32.0,117.0,6
Autumn,-32.0,118.0,4
Autumn,-32.0,126.0,9
Autumn,-32.0,127.0,5
Autumn,-32.0,129.0,1
Autumn,-32.0,138.0,2
Autumn,-32.0,142.0,4
Autumn,-32.0,143.0,2
Autumn,-32.0,146.0,3
Autumn,-32.0,149.0,3
Autumn,-32.0,150.0,4
Autumn,-32.0,152.0,18
Autumn,-32.0,153.0,20
Autumn,-33.0,116.0,3
Autumn,-33.0,117.0,7
Autumn,-33.0,121.0,2
Autumn,-33.0,137.0,2
Autumn,-33.0,138.0,1
Autumn,-33.0,139.0,2
Autumn,-33.0,140.0,1
Autumn,-33.0,146.0,5
Autumn,-33.0,148.0,1
Autumn,-33.0,149.0,9
Autumn,-33.0,150.0,12
Autumn,-33.0,151.0,5
Autumn,-33.0,152.0,2
Autumn,-34.0,115.0,1
Autumn,-34.0,116.0,2
Autumn,-34.0,119.0,2
Autumn,-34.0,122.0,1
Autumn,-34.0,138.0,2
Autumn,-34.0,139.0,2
Autumn,-34.0,140.0,3
Autumn,-34.0,141.0,10
Autumn,-34.0,142.0,5
Autumn,-34.0,147.0,2
Autumn,-34.0,148.0,23
Autumn,-34.0,149.0,21
Autumn,-34.0,151.0,16
Autumn,-35.0,138.0,5
Autumn,-35.0,139.0,36
Autumn,-35.0,142.0,8
Autumn,-35.0,144.0,1
Autumn,-35.0,145.0,3
Autumn,-35.0,146.0,1
Autumn,-35.0,147.0,5
Autumn,-35.0,149.0,25
Autumn,-36.0,141.0,1
Autumn,-36.0,142.0,8
Autumn,-36.0,143.0,5
Autumn,-36.0,144.0,23
Autumn,-36.0,145.0,6
Autumn,-36.0,146.0,26
Autumn,-36.0,147.0,36
Autumn,-36.0,149.0,5
Autumn,-37.0,141.0,1
Autumn,-37.0,142.0,3
Autumn,-37.0,143.0,1
Autumn,-37.0,144.0,28
Autumn,-37.0,145.0,12
Autumn,-37.0,146.0,5
Autumn,-37.0,148.0,7
Autumn,-38.0,144.0,12
Autumn,-38.0,145.0,1
Autumn,-11.0,131.0,5
Autumn,-11.0,142.0,36
Autumn,-12.0,135.0,4
Autumn,-12.0,137.0,3
Autumn,-13.0,136.0,3
Autumn,-15.0,135.0,3
Autumn,-15.0,144.0,4
Autumn,-15.0,145.0,12
Autumn,-16.0,123.0,13
Autumn,-16.0,130.0,15
Autumn,-16.0,132.0,1
Autumn,-17.0,123.0,16
Autumn,-17.0,124.0,2
Autumn,-17.0,125.0,8
Autumn,-17.0,128.0,10
Autumn,-17.0,133.0,3
Autumn,-17.0,139.0,1
Autumn,-18.0,124.0,6
Autumn,-18.0,134.0,3
Autumn,-18.0,144.0,8
Autumn,-19.0,123.0,8
Autumn,-20.0,121.0,7
Autumn,-20.0,139.0,14
Autumn,-20.0,148.0,25
Autumn,-20.0,149.0,2
Autumn,-21.0,118.0,3
Autumn,-21.0,134.0,1
Autumn,-21.0,142.0,1
Autumn,-21.0,143.0,2
Autumn,-21.0,145.0,1
Autumn,-21.0,148.0,2
Autumn,-22.0,120.0,3
Autumn,-22.0,121.0,2
Autumn,-22.0,140.0,1
Autumn,-22.0,142.0,1
Autumn,-22.0,149.0,2
Autumn,-22.0,150.0,3
Autumn,-23.0,117.0,1
Autumn,-23.0,118.0,2
Autumn,-23.0,142.0,3
Autumn,-24.0,133.0,1
Autumn,-24.0,149.0,4
Autumn,-24.0,150.0,2
Autumn,-25.0,133.0,1
Autumn,-25.0,148.0,1
Autumn,-25.0,151.0,5
Autumn,-26.0,136.0,1
Autumn,-27.0,144.0,3
Autumn,-11.0,136.0,1
Autumn,-12.0,133.0,3
Autumn,-12.0,143.0,1
Autumn,-13.0,130.0,2
Autumn,-13.0,143.0,4
Autumn,-14.0,133.0,1
Autumn,-14.0,134.0,3
Autumn,-14.0,143.0,1
Autumn,-15.0,126.0,10
Autumn,-15.0,129.0,1
Autumn,-15.0,130.0,8
Autumn,-16.0,126.0,10
Autumn,-16.0,127.0,2
Autumn,-16.0,131.0,11
Autumn,-18.0,125.0,4
Autumn,-18.0,139.0,1
Autumn,-19.0,127.0,1
Autumn,-20.0,120.0,3
Autumn,-20.0,140.0,3
Autumn,-22.0,115.0,6
Autumn,-22.0,118.0,1
Autumn,-22.0,122.0,1
Autumn,-22.0,132.0,1
Autumn,-22.0,145.0,1
Autumn,-23.0,114.0,4
Autumn,-23.0,127.0,1
Autumn,-24.0,117.0,1
Autumn,-24.0,119.0,1
Autumn,-25.0,114.0,7
Autumn,-25.0,116.0,1
Winter,-11.0,142.0,37
Winter,-12.0,131.0,1093
Winter,-12.0,132.0,1
Winter,-12.0,133.0,105
Winter,-12.0,136.0,11
Winter,-12.0,137.0,61
Winter,-12.0,142.0,11
Winter,-13.0,130.0,2
Winter,-13.0,131.0,232
Winter,-13.0,132.0,62
Winter,-13.0,133.0,248
Winter,-13.0,136.0,4
Winter,-13.0,142.0,38
Winter,-13.0,143.0,141
Winter,-14.0,126.0,8
Winter,-14.0,127.0,10
Winter,-14.0,131.0,22
Winter,-14.0,132.0,318
Winter,-14.0,134.0,1
Winter,-15.0,126.0,49
Winter,-15.0,127.0,1
Winter,-15.0,128.0,11
Winter,-15.0,130.0,2
Winter,-15.0,132.0,78
Winter,-15.0,133.0,71
Winter,-15.0,144.0,76
Winter,-15.0,145.0,65
Winter,-16.0,123.0,13
Winter,-16.0,124.0,4
Winter,-16.0,126.0,36
Winter,-16.0,127.0,25
Winter,-16.0,128.0,175
Winter,-16.0,129.0,292
Winter,-16.0,130.0,36
Winter,-16.0,131.0,37
Winter,-16.0,132.0,2
Winter,-16.0,135.0,2
Winter,-16.0,145.0,257
Winter,-17.0,123.0,24
Winter,-17.0,124.0,31
Winter,-17.0,125.0,102
Winter,-17.0,126.0,43
Winter,-17.0,128.0,32
Winter,-17.0,129.0,8
Winter,-17.0,133.0,2
Winter,-17.0,137.0,1
Winter,-17.0,138.0,8
Winter,-17.0,141.0,21
Winter,-17.0,145.0,438
Winter,-17.0,146.0,730
Winter,-18.0,122.0,529
Winter,-18.0,123.0,30
Winter,-18.0,124.0,9
Winter,-18.0,125.0,12
Winter,-18.0,126.0,24
Winter,-18.0,128.0,5
Winter,-18.0,131.0,2
Winter,-18.0,134.0,6
Winter,-18.0,141.0,31
Winter,-18.0,143.0,30
Winter,-18.0,144.0,18
Winter,-18.0,145.0,13
Winter,-18.0,146.0,112
Winter,-19.0,122.0,10
Winter,-19.0,123.0,8
Winter,-19.0,127.0,5
Winter,-19.0,128.0,3
Winter,-19.0,139.0,10
Winter,-19.0,143.0,15
Winter,-19.0,144.0,7
Winter,-19.0,145.0,2
Winter,-19.0,146.0,121
Winter,-19.0,147.0,429
Winter,-20.0,119.0,84
Winter,-20.0,120.0,12
Winter,-20.0,121.0,20
Winter,-20.0,122.0,1
Winter,-20.0,128.0,10
Winter,-20.0,139.0,5
Winter,-20.0,140.0,3
Winter,-20.0,142.0,1
Winter,-20.0,144.0,3
Winter,-20.0,146.0,10
Winter,-20.0,147.0,24
Winter,-20.0,148.0,27
Winter,-20.0,149.0,8
Winter,-21.0,117.0,20
Winter,-21.0,119.0,10
Winter,-21.0,120.0,24
Winter,-21.0,139.0,10
Winter,-21.0,140.0,122
Winter,-21.0,143.0,3
Winter,-21.0,144.0,4
Winter,-21.0,148.0,2
Winter,-21.0,149.0,112
Winter,-22.0,114.0,23
Winter,-22.0,115.0,3
Winter,-22.0,116.0,9
Winter,-22.0,117.0,9
Winter,-22.0,150.0,2
Winter,-23.0,114.0,15
Winter,-23.0,117.0,6
Winter,-23.0,118.0,5
Winter,-23.0,119.0,6
Winter,-23.0,120.0,18
Winter,-23.0,123.0,1
Winter,-23.0,127.0,23
Winter,-23.0,131.0,7
Winter,-23.0,150.0,15
Winter,-23.0,151.0,46
Winter,-24.0,120.0,9
Winter,-24.0,150.0,2
Winter,-24.0,151.0,31
Winter,-24.0,152.0,58
Winter,-25.0,114.0,8
Winter,-25.0,150.0,2
Winter,-25.0,152.0,148
Winter,-25.0,153.0,48
Winter,-26.0,119.0,3
Winter,-26.0,139.0,7
Winter,-26.0,152.0,14
Winter,-26.0,153.0,189
Winter,-27.0,152.0,67
Winter,-27.0,153.0,1387
Winter,-28.0,115.0,1
Winter,-28.0,152.0,36
Winter,-28.0,153.0,720
Winter,-28.0,154.0,86
Winter,-29.0,153.0,54
Winter,-29.0,154.0,139
Winter,-30.0,153.0,32
Winter,-32.0,116.0,1
Winter,-34.0,144.0,1
Winter,-11.0,132.0,12
Winter,-11.0,133.0,5
Winter,-12.0,134.0,2
Winter,-12.0,135.0,3
Winter,-12.0,143.0,2
Winter,-14.0,128.0,1
Winter,-14.0,136.0,7
Winter,-14.0,143.0,6
Winter,-14.0,144.0,3
Winter,-16.0,136.0,12
Winter,-16.0,137.0,5
Winter,-16.0,143.0,2
Winter,-16.0,144.0,2
Winter,-17.0,136.0,2
Winter,-17.0,144.0,2
Winter,-18.0,136.0,2
Winter,-18.0,138.0,3
Winter,-18.0,139.0,1
Winter,-18.0,140.0,9
Winter,-18.0,142.0,6
Winter,-19.0,134.0,7
Winter,-19.0,135.0,3
Winter,-20.0,138.0,3
Winter,-21.0,121.0,4
Winter,-21.0,141.0,1
Winter,-21.0,142.0,1
Winter,-22.0,118.0,1
Winter,-22.0,119.0,3
Winter,-22.0,121.0,6
Winter,-22.0,147.0,1
Winter,-22.0,149.0,8
Winter,-23.0,116.0,2
Winter,-23.0,124.0,1
Winter,-24.0,133.0,9
Winter,-24.0,134.0,39
Winter,-24.0,139.0,8
Winter,-25.0,149.0,2
Winter,-26.0,114.0,3
Winter,-26.0,150.0,2
Winter,-27.0,154.0,7
Winter,-28.0,149.0,1
Winter,-30.0,143.0,1
Winter,-31.0,130.0,1
Winter,-32.0,126.0,1
Winter,-36.0,147.0,1
Winter,-37.0,144.0,1
Winter,-38.0,145.0,1
Winter,-11.0,143.0,1
Winter,-15.0,129.0,1
Winter,-15.0,131.0,1
Winter,-15.0,135.0,2
Winter,-16.0,125.0,1
Winter,-17.0,140.0,4
Winter,-20.0,136.0,4
Winter,-21.0,115.0,1
Winter,-21.0,116.0,2
Winter,-21.0,118.0,5
Winter,-21.0,145.0,5
Winter,-21.0,146.0,1
Winter,-23.0,115.0,1
Winter,-23.0,129.0,2
Winter,-23.0,132.0,2
Winter,-23.0,140.0,5
Winter,-23.0,141.0,1
Winter,-23.0,143.0,8
Winter,-23.0,144.0,2
Winter,-23.0,148.0,2
Winter,-24.0,116.0,1
Winter,-24.0,132.0,7
Winter,-24.0,138.0,8
Winter,-24.0,141.0,18
Winter,-24.0,142.0,1
Winter,-24.0,145.0,1
Winter,-24.0,149.0,1
Winter,-25.0,117.0,1
Winter,-25.0,131.0,2
Winter,-25.0,132.0,1
Winter,-25.0,133.0,1
Winter,-25.0,134.0,2
Winter,-25.0,140.0,2
Winter,-25.0,143.0,2
Winter,-25.0,151.0,1
Winter,-26.0,134.0,1
Winter,-26.0,135.0,3
Winter,-26.0,151.0,1
Winter,-27.0,135.0,2
Winter,-27.0,139.0,2
Winter,-27.0,149.0,2
Winter,-27.0,150.0,1
Winter,-27.0,151.0,5
Winter,-28.0,136.0,2
Winter,-28.0,145.0,1
Winter,-28.0,147.0,1
Winter,-28.0,151.0,2
Winter,-29.0,136.0,1
Winter,-29.0,150.0,1
Winter,-29.0,152.0,10
Winter,-30.0,150.0,2
Winter,-30.0,152.0,4
Winter,-31.0,153.0,24
Winter,-32.0,150.0,1
Winter,-32.0,151.0,1
Winter,-32.0,152.0,3
Winter,-32.0,153.0,26
Winter,-33.0,151.0,9
Spring,-11.0,130.0,1
Spring,-11.0,131.0,1
Spring,-11.0,132.0,6
Spring,-11.0,142.0,34
Spring,-11.0,143.0,6
Spring,-12.0,131.0,716
Spring,-12.0,132.0,2
Spring,-12.0,133.0,95
Spring,-12.0,136.0,24
Spring,-12.0,137.0,22
Spring,-12.0,142.0,2
Spring,-12.0,143.0,4
Spring,-13.0,130.0,6
Spring,-13.0,131.0,170
Spring,-13.0,132.0,13
Spring,-13.0,133.0,109
Spring,-13.0,136.0,10
Spring,-13.0,142.0,26
Spring,-13.0,143.0,73
Spring,-14.0,122.0,3
Spring,-14.0,124.0,13
Spring,-14.0,126.0,2
Spring,-14.0,131.0,64
Spring,-14.0,132.0,227
Spring,-14.0,136.0,1
Spring,-14.0,143.0,4
Spring,-15.0,126.0,4
Spring,-15.0,128.0,1
Spring,-15.0,130.0,4
Spring,-15.0,132.0,63
Spring,-15.0,133.0,51
Spring,-15.0,135.0,8
Spring,-15.0,144.0,54
Spring,-15.0,145.0,7
Spring,-16.0,123.0,3
Spring,-16.0,126.0,3
Spring,-16.0,127.0,5
Spring,-16.0,128.0,22
Spring,-16.0,129.0,46
Spring,-16.0,130.0,29
Spring,-16.0,131.0,35
Spring,-16.0,136.0,3
Spring,-16.0,144.0,1
Spring,-16.0,145.0,32
Spring,-17.0,123.0,8
Spring,-17.0,124.0,10
Spring,-17.0,125.0,32
Spring,-17.0,126.0,8
Spring,-17.0,128.0,5
Spring,-17.0,131.0,1
Spring,-17.0,141.0,24
Spring,-17.0,145.0,386
Spring,-17.0,146.0,606
Spring,-18.0,122.0,423
Spring,-18.0,123.0,34
Spring,-18.0,128.0,7
Spring,-18.0,141.0,8
Spring,-18.0,142.0,4
Spring,-18.0,143.0,58
Spring,-18.0,144.0,35
Spring,-18.0,145.0,17
Spring,-18.0,146.0,213
Spring,-19.0,127.0,2
Spring,-19.0,134.0,2
Spring,-19.0,143.0,4
Spring,-19.0,144.0,8
Spring,-19.0,146.0,98
Spring,-19.0,147.0,294
Spring,-20.0,119.0,38
Spring,-20.0,120.0,4
Spring,-20.0,121.0,32
Spring,-20.0,134.0,3
Spring,-20.0,139.0,5
Spring,-20.0,146.0,9
Spring,-20.0,147.0,5
Spring,-20.0,148.0,23
Spring,-21.0,117.0,22
Spring,-21.0,121.0,1
Spring,-21.0,139.0,7
Spring,-21.0,140.0,33
Spring,-21.0,143.0,1
Spring,-21.0,144.0,3
Spring,-21.0,145.0,7
Spring,-21.0,146.0,1
Spring,-21.0,149.0,50
Spring,-22.0,114.0,7
Spring,-22.0,116.0,3
Spring,-22.0,120.0,3
Spring,-22.0,121.0,1
Spring,-22.0,122.0,1
Spring,-22.0,133.0,1
Spring,-22.0,141.0,1
Spring,-22.0,143.0,12
Spring,-22.0,147.0,2
Spring,-22.0,148.0,2
Spring,-22.0,149.0,11
Spring,-22.0,150.0,4
Spring,-23.0,114.0,1
Spring,-23.0,119.0,5
Spring,-23.0,127.0,6
Spring,-23.0,131.0,8
Spring,-23.0,132.0,1
Spring,-23.0,140.0,19
Spring,-23.0,142.0,3
Spring,-23.0,143.0,27
Spring,-23.0,144.0,14
Spring,-23.0,145.0,2
Spring,-23.0,150.0,13
Spring,-23.0,151.0,62
Spring,-24.0,132.0,22
Spring,-24.0,133.0,26
Spring,-24.0,134.0,117
Spring,-24.0,139.0,4
Spring,-24.0,145.0,8
Spring,-24.0,148.0,5
Spring,-24.0,149.0,9
Spring,-24.0,151.0,29
Spring,-24.0,152.0,100
Spring,-25.0,129.0,1
Spring,-25.0,131.0,19
Spring,-25.0,133.0,4
Spring,-25.0,140.0,6
Spring,-25.0,143.0,5
Spring,-25.0,149.0,1
Spring,-25.0,150.0,2
Spring,-25.0,151.0,4
Spring,-25.0,152.0,161
Spring,-25.0,153.0,118
Spring,-26.0,114.0,3
Spring,-26.0,137.0,1
Spring,-26.0,138.0,1
Spring,-26.0,139.0,10
Spring,-26.0,140.0,1
Spring,-26.0,146.0,6
Spring,-26.0,147.0,6
Spring,-26.0,148.0,3
Spring,-26.0,150.0,9
Spring,-26.0,152.0,26
Spring,-26.0,153.0,280
Spring,-27.0,146.0,6
Spring,-27.0,149.0,9
Spring,-27.0,150.0,6
Spring,-27.0,151.0,16
Spring,-27.0,152.0,69
Spring,-27.0,153.0,1209
Spring,-28.0,115.0,2
Spring,-28.0,135.0,2
Spring,-28.0,136.0,2
Spring,-28.0,146.0,66
Spring,-28.0,147.0,3
Spring,-28.0,149.0,8
Spring,-28.0,151.0,17
Spring,-28.0,152.0,106
Spring,-28.0,153.0,464
Spring,-28.0,154.0,142
Spring,-29.0,138.0,6
Spring,-29.0,140.0,4
Spring,-29.0,141.0,13
Spring,-29.0,142.0,36
Spring,-29.0,144.0,19
Spring,-29.0,145.0,17
Spring,-29.0,152.0,51
Spring,-29.0,153.0,56
Spring,-29.0,154.0,150
Spring,-30.0,117.0,23
Spring,-30.0,121.0,6
Spring,-30.0,138.0,14
Spring,-30.0,139.0,12
Spring,-30.0,146.0,82
Spring,-30.0,150.0,17
Spring,-30.0,151.0,10
Spring,-30.0,152.0,2
Spring,-30.0,153.0,121
Spring,-31.0,116.0,6
Spring,-31.0,131.0,1
Spring,-31.0,138.0,4
Spring,-31.0,142.0,20
Spring,-31.0,145.0,6
Spring,-31.0,146.0,101
Spring,-31.0,149.0,32
Spring,-31.0,151.0,26
Spring,-31.0,153.0,182
Spring,-32.0,116.0,517
Spring,-32.0,117.0,45
Spring,-32.0,143.0,15
Spring,-32.0,146.0,12
Spring,-32.0,149.0,52
Spring,-32.0,151.0,40
Spring,-32.0,152.0,59
Spring,-32.0,153.0,100
Spring,-33.0,117.0,170
Spring,-33.0,142.0,3
Spring,-33.0,148.0,6
Spring,-33.0,149.0,12
Spring,-33.0,150.0,94
Spring,-33.0,151.0,48
Spring,-33.0,152.0,59
Spring,-34.0,139.0,36
Spring,-34.0,140.0,156
Spring,-34.0,141.0,25
Spring,-34.0,145.0,1
Spring,-34.0,147.0,10
Spring,-34.0,148.0,36
Spring,-34.0,151.0,84
Spring,-35.0,139.0,104
Spring,-35.0,142.0,340
Spring,-35.0,143.0,99
Spring,-35.0,144.0,36
Spring,-35.0,146.0,13
Spring,-35.0,148.0,19
Spring,-35.0,149.0,55
Spring,-36.0,145.0,122
Spring,-36.0,146.0,151
Spring,-36.0,147.0,42
Spring,-37.0,145.0,20
Spring,-37.0,146.0,24
Spring,-15.0,142.0,1
Spring,-16.0,140.0,1
Spring,-17.0,133.0,5
Spring,-17.0,144.0,1
Spring,-18.0,124.0,2
Spring,-18.0,126.0,3
Spring,-18.0,140.0,1
Spring,-19.0,129.0,1
Spring,-20.0,135.0,1
Spring,-21.0,118.0,3
Spring,-21.0,134.0,2
Spring,-21.0,141.0,2
Spring,-21.0,148.0,4
Spring,-22.0,145.0,1
Spring,-22.0,146.0,2
Spring,-23.0,146.0,2
Spring,-23.0,149.0,1
Spring,-24.0,140.0,2
Spring,-24.0,143.0,1
Spring,-24.0,150.0,3
Spring,-25.0,114.0,3
Spring,-25.0,145.0,1
Spring,-25.0,146.0,1
Spring,-25.0,148.0,1
Spring,-26.0,113.0,1
Spring,-26.0,130.0,1
Spring,-26.0,151.0,6
Spring,-27.0,140.0,2
Spring,-27.0,141.0,1
Spring,-27.0,143.0,1
Spring,-27.0,144.0,3
Spring,-28.0,114.0,4
Spring,-28.0,139.0,8
Spring,-28.0,141.0,10
Spring,-28.0,143.0,1
Spring,-28.0,144.0,6
Spring,-28.0,145.0,5
Spring,-28.0,148.0,1
Spring,-28.0,150.0,5
Spring,-29.0,115.0,3
Spring,-29.0,117.0,4
Spring,-29.0,122.0,1
Spring,-29.0,150.0,1
Spring,-29.0,151.0,17
Spring,-30.0,115.0,7
Spring,-30.0,116.0,1
Spring,-30.0,142.0,3
Spring,-30.0,143.0,5
Spring,-30.0,144.0,18
Spring,-30.0,145.0,3
Spring,-30.0,147.0,5
Spring,-30.0,148.0,5
Spring,-31.0,115.0,4
Spring,-31.0,117.0,10
Spring,-31.0,119.0,1
Spring,-31.0,120.0,2
Spring,-31.0,121.0,9
Spring,-31.0,122.0,2
Spring,-31.0,136.0,1
Spring,-31.0,137.0,3
Spring,-31.0,139.0,12
Spring,-31.0,143.0,5
Spring,-31.0,144.0,5
Spring,-31.0,147.0,2
Spring,-31.0,148.0,1
Spring,-31.0,150.0,6
Spring,-32.0,115.0,1
Spring,-32.0,118.0,1
Spring,-32.0,119.0,1
Spring,-32.0,121.0,2
Spring,-32.0,122.0,1
Spring,-32.0,123.0,6
Spring,-32.0,126.0,8
Spring,-32.0,127.0,2
Spring,-32.0,129.0,5
Spring,-32.0,133.0,5
Spring,-32.0,134.0,1
Spring,-32.0,136.0,1
Spring,-32.0,138.0,20
Spring,-32.0,139.0,1
Spring,-32.0,141.0,5
Spring,-32.0,142.0,15
Spring,-32.0,147.0,1
Spring,-32.0,148.0,3
Spring,-32.0,150.0,24
Spring,-33.0,116.0,13
Spring,-33.0,118.0,1
Spring,-33.0,120.0,1
Spring,-33.0,121.0,3
Spring,-33.0,135.0,1
Spring,-33.0,136.0,2
Spring,-33.0,137.0,12
Spring,-33.0,138.0,14
Spring,-33.0,139.0,1
Spring,-33.0,141.0,6
Spring,-33.0,143.0,3
Spring,-33.0,145.0,5
Spring,-33.0,146.0,133
Spring,-33.0,147.0,4
Spring,-34.0,115.0,11
Spring,-34.0,116.0,8
Spring,-34.0,117.0,4
Spring,-34.0,118.0,20
Spring,-34.0,119.0,5
Spring,-34.0,138.0,9
Spring,-34.0,142.0,23
Spring,-34.0,143.0,25
Spring,-34.0,144.0,1
Spring,-34.0,146.0,58
Spring,-34.0,149.0,52
Spring,-34.0,150.0,1
Spring,-35.0,140.0,5
Spring,-35.0,141.0,19
Spring,-35.0,145.0,48
Spring,-35.0,147.0,14
Spring,-36.0,142.0,187
Spring,-36.0,143.0,10
Spring,-36.0,144.0,121
Spring,-36.0,148.0,5
Spring,-36.0,149.0,19
Spring,-37.0,141.0,3
Spring,-37.0,142.0,34
Spring,-37.0,143.0,7
Spring,-37.0,144.0,97
Spring,-37.0,147.0,6
Spring,-38.0,144.0,35
Spring,-38.0,145.0,2
Spring,-12.0,135.0,3
Spring,-19.0,122.0,9
Spring,-20.0,143.0,1
Spring,-20.0,149.0,1
Spring,-21.0,120.0,2
Spring,-23.0,120.0,8
Spring,-24.0,119.0,4
Spring,-24.0,120.0,2
Spring,-26.0,149.0,1
Spring,-27.0,118.0,1
Spring,-27.0,154.0,1
Spring,-29.0,143.0,3
Spring,-29.0,146.0,3
Spring,-31.0,118.0,1
Spring,-31.0,152.0,3
Spring,-32.0,135.0,1
Spring,-32.0,140.0,5
Spring,-34.0,136.0,1
Spring,-34.0,137.0,2
Spring,-35.0,138.0,2
Spring,-36.0,141.0,5
Spring,-36.0,150.0,1
Spring,-37.0,148.0,2
Spring,-43.0,147.0,1
Summer,-14.0,131.0,3
Summer,-15.0,142.0,4
Summer,-15.0,145.0,1
Summer,-16.0,130.0,4
Summer,-17.0,125.0,1
Summer,-17.0,126.0,1
Summer,-18.0,143.0,3
Summer,-19.0,143.0,2
Summer,-20.0,120.0,2
Summer,-20.0,149.0,1
Summer,-21.0,118.0,2
Summer,-21.0,139.0,4
Summer,-21.0,140.0,4
Summer,-22.0,116.0,1
Summer,-22.0,143.0,8
Summer,-22.0,149.0,1
Summer,-23.0,140.0,4
Summer,-23.0,142.0,4
Summer,-23.0,143.0,2
Summer,-24.0,139.0,2
Summer,-24.0,146.0,4
Summer,-24.0,148.0,1
Summer,-25.0,114.0,8
Summer,-26.0,152.0,4
Summer,-28.0,144.0,5
Summer,-28.0,146.0,6
Summer,-28.0,147.0,1
Summer,-30.0,145.0,1
Summer,-31.0,120.0,4
Summer,-32.0,120.0,1
Summer,-32.0,135.0,1
Summer,-32.0,136.0,4
Summer,-33.0,118.0,3
Summer,-33.0,121.0,4
Summer,-33.0,122.0,6
Summer,-33.0,135.0,1
Summer,-33.0,141.0,2
Summer,-34.0,122.0,1
Summer,-35.0,151.0,2
Summer,-36.0,138.0,1
Summer,-37.0,150.0,2
