latitude,longitude,count,cell,rank,cumBefore
-10.0,129.0,23,"-10,129",673,0.999887
-10.0,130.0,22,"-10,130",675,0.999892
-10.0,131.0,31,"-10,131",654,0.999832
-10.0,135.0,54,"-10,135",621,0.999686
-10.0,137.0,48,"-10,137",627,0.999718
-10.0,138.0,33,"-10,138",651,0.999822
-10.0,143.0,27,"-10,143",664,0.999863
-11.0,127.0,2,"-11,127",771,0.999993
-11.0,129.0,214,"-11,129",504,0.998275
-11.0,130.0,615,"-11,130",378,0.993075
-11.0,131.0,466,"-11,131",418,0.995351
-11.0,132.0,878,"-11,132",338,0.989896
-11.0,133.0,171,"-11,133",522,0.998641
-11.0,135.0,2,"-11,135",772,0.999993
-11.0,136.0,14,"-11,136",697,0.999935
-11.0,138.0,1,"-11,138",792,0.999998
-11.0,141.0,30,"-11,141",657,0.999842
-11.0,142.0,5168,"-11,142",162,0.946619
-11.0,143.0,427,"-11,143",429,0.995866
-11.0,144.0,18,"-11,144",689,0.999922
-12.0,123.0,202,"-12,123",510,0.998406
-12.0,124.0,3,"-12,124",758,0.999989
-12.0,127.0,10,"-12,127",715,0.999958
-12.0,129.0,71,"-12,129",602,0.999555
-12.0,130.0,465,"-12,130",419,0.995399
-12.0,131.0,125808,"-12,131",15,0.530598
-12.0,132.0,329,"-12,132",456,0.996968
-12.0,133.0,4672,"-12,133",175,0.953284
-12.0,134.0,81,"-12,134",592,0.999476
-12.0,135.0,498,"-12,135",411,0.994997
-12.0,136.0,1618,"-12,136",273,0.981882
-12.0,137.0,3436,"-12,137",198,0.963093
-12.0,138.0,1,"-12,138",793,0.999998
-12.0,142.0,435,"-12,142",427,0.995775
-12.0,143.0,1020,"-12,143",320,0.988082
-12.0,144.0,88,"-12,144",578,0.999352
-13.0,123.0,10,"-13,123",716,0.999959
-13.0,127.0,9,"-13,127",722,0.999965
-13.0,128.0,22,"-13,128",676,0.999894
-13.0,129.0,2,"-13,129",773,0.999994
-13.0,130.0,1423,"-13,130",283,0.983448
-13.0,131.0,29540,"-13,131",62,0.807396
-13.0,132.0,6178,"-13,132",148,0.938378
-13.0,133.0,22972,"-13,133",72,0.834465
-13.0,135.0,12,"-13,135",703,0.999943
-13.0,136.0,770,"-13,136",356,0.991465
-13.0,142.0,2471,"-13,142",228,0.972249
-13.0,143.0,21133,"-13,143",78,0.848471
-13.0,144.0,140,"-13,144",537,0.998886
-14.0,121.0,9,"-14,121",723,0.999966
-14.0,122.0,67,"-14,122",611,0.999621
-14.0,123.0,5,"-14,123",744,0.999983
-14.0,124.0,545,"-14,124",396,0.99418
-14.0,125.0,71,"-14,125",603,0.999563
-14.0,126.0,800,"-14,126",352,0.991134
-14.0,127.0,666,"-14,127",370,0.992537
-14.0,128.0,37,"-14,128",644,0.999796
-14.0,129.0,10,"-14,129",717,0.99996
-14.0,130.0,75,"-14,130",597,0.999517
-14.0,131.0,5167,"-14,131",163,0.947159
-14.0,132.0,30275,"-14,132",60,0.801133
-14.0,133.0,79,"-14,133",593,0.999484
-14.0,134.0,128,"-14,134",542,0.998956
-14.0,135.0,2,"-14,135",774,0.999994
-14.0,136.0,1035,"-14,136",317,0.987761
-14.0,137.0,176,"-14,137",518,0.998568
-14.0,142.0,5,"-14,142",745,0.999983
-14.0,143.0,810,"-14,143",350,0.990965
-14.0,144.0,215,"-14,144",503,0.998252
-14.0,145.0,3,"-14,145",759,0.999989
-14.0,146.0,28,"-14,146",660,0.999851
-15.0,121.0,97,"-15,121",564,0.999216
-15.0,123.0,236,"-15,123",487,0.997871
-15.0,125.0,699,"-15,125",367,0.992324
-15.0,126.0,2954,"-15,126",209,0.966716
-15.0,127.0,22,"-15,127",677,0.999896
-15.0,128.0,1994,"-15,128",252,0.977887
-15.0,129.0,500,"-15,129",410,0.994945
-15.0,130.0,440,"-15,130",425,0.995683
-15.0,131.0,401,"-15,131",441,0.99639
-15.0,132.0,13127,"-15,132",103,0.894894
-15.0,133.0,6543,"-15,133",146,0.937016
-15.0,134.0,33,"-15,134",652,0.999825
-15.0,135.0,796,"-15,135",353,0.991217
-15.0,136.0,13,"-15,136",700,0.999939
-15.0,142.0,525,"-15,142",400,0.994404
-15.0,143.0,77,"-15,143",594,0.999493
-15.0,144.0,8566,"-15,144",128,0.923011
-15.0,145.0,4525,"-15,145",177,0.954247
-15.0,146.0,94,"-15,146",570,0.999277
-16.0,121.0,55,"-16,121",618,0.999668
-16.0,123.0,2849,"-16,123",215,0.968549
-16.0,124.0,819,"-16,124",349,0.990879
-16.0,125.0,217,"-16,125",502,0.99823
-16.0,126.0,1992,"-16,126",253,0.978095
-16.0,127.0,760,"-16,127",360,0.991784
-16.0,128.0,9482,"-16,128",123,0.918207
-16.0,129.0,15495,"-16,129",97,0.885941
-16.0,130.0,4958,"-16,130",167,0.949266
-16.0,131.0,4695,"-16,131",173,0.952305
-16.0,132.0,235,"-16,132",489,0.997921
-16.0,133.0,2090,"-16,133",247,0.976817
-16.0,134.0,124,"-16,134",544,0.998982
-16.0,135.0,50,"-16,135",625,0.999708
-16.0,136.0,992,"-16,136",326,0.988711
-16.0,137.0,386,"-16,137",445,0.996554
-16.0,140.0,15,"-16,140",692,0.999927
-16.0,143.0,34,"-16,143",648,0.999811
-16.0,144.0,274,"-16,144",471,0.997442
-16.0,145.0,38803,"-16,145",48,0.757662
-16.0,146.0,271,"-16,146",473,0.997499
-17.0,121.0,29,"-17,121",659,0.999848
-17.0,122.0,878,"-17,122",339,0.989988
-17.0,123.0,2032,"-17,123",250,0.977463
-17.0,124.0,2846,"-17,124",217,0.969144
-17.0,125.0,4546,"-17,125",176,0.953772
-17.0,126.0,1973,"-17,126",254,0.978303
-17.0,127.0,83,"-17,127",587,0.999433
-17.0,128.0,1262,"-17,128",295,0.985137
-17.0,129.0,208,"-17,129",507,0.998341
-17.0,131.0,230,"-17,131",493,0.998018
-17.0,132.0,254,"-17,132",480,0.997692
-17.0,133.0,1856,"-17,133",260,0.979505
-17.0,134.0,24,"-17,134",672,0.999884
-17.0,135.0,67,"-17,135",612,0.999628
-17.0,136.0,230,"-17,136",494,0.998042
-17.0,137.0,98,"-17,137",563,0.999206
-17.0,138.0,321,"-17,138",457,0.997002
-17.0,139.0,43,"-17,139",636,0.999762
-17.0,140.0,118,"-17,140",549,0.999047
-17.0,141.0,3463,"-17,141",197,0.962731
-17.0,142.0,15,"-17,142",693,0.999929
-17.0,144.0,90,"-17,144",573,0.999305
-17.0,145.0,137994,"-17,145",13,0.501923
-17.0,146.0,257984,"-17,146",7,0.37299
-17.0,148.0,11,"-17,148",710,0.999952
-18.0,119.0,7,"-18,119",733,0.999975
-18.0,120.0,3,"-18,120",760,0.99999
-18.0,122.0,69629,"-18,122",30,0.659683
-18.0,123.0,4471,"-18,123",178,0.954719
-18.0,124.0,585,"-18,124",386,0.993582
-18.0,125.0,645,"-18,125",374,0.992812
-18.0,126.0,2933,"-18,126",210,0.967025
-18.0,127.0,3,"-18,127",761,0.99999
-18.0,128.0,721,"-18,128",365,0.992173
-18.0,129.0,90,"-18,129",574,0.999315
-18.0,130.0,28,"-18,130",661,0.999854
-18.0,131.0,110,"-18,131",555,0.999119
-18.0,133.0,1,"-18,133",794,0.999998
-18.0,134.0,1298,"-18,134",293,0.984867
-18.0,136.0,91,"-18,136",572,0.999296
-18.0,138.0,88,"-18,138",579,0.999361
-18.0,139.0,142,"-18,139",535,0.998857
-18.0,140.0,440,"-18,140",426,0.995729
-18.0,141.0,3006,"-18,141",207,0.966091
-18.0,142.0,409,"-18,142",439,0.996305
-18.0,143.0,5891,"-18,143",150,0.939666
-18.0,144.0,2756,"-18,144",221,0.970316
-18.0,145.0,5474,"-18,145",157,0.943809
-18.0,146.0,19811,"-18,146",84,0.861256
-18.0,147.0,6,"-18,147",740,0.99998
-19.0,118.0,2,"-19,118",775,0.999994
-19.0,121.0,475,"-19,121",416,0.995252
-19.0,122.0,745,"-19,122",362,0.991943
-19.0,123.0,488,"-19,123",413,0.9951
-19.0,126.0,55,"-19,126",619,0.999674
-19.0,127.0,522,"-19,127",403,0.994568
-19.0,128.0,113,"-19,128",551,0.999072
-19.0,129.0,6,"-19,129",741,0.999981
-19.0,134.0,1022,"-19,134",319,0.987976
-19.0,135.0,1280,"-19,135",294,0.985003
-19.0,136.0,727,"-19,136",364,0.992097
-19.0,137.0,27,"-19,137",665,0.999866
-19.0,138.0,5,"-19,138",746,0.999984
-19.0,139.0,604,"-19,139",383,0.993394
-19.0,140.0,135,"-19,140",538,0.998901
-19.0,141.0,26,"-19,141",666,0.999869
-19.0,142.0,1,"-19,142",795,0.999998
-19.0,143.0,1711,"-19,143",268,0.981012
-19.0,144.0,969,"-19,144",329,0.989022
-19.0,145.0,419,"-19,145",434,0.996087
-19.0,146.0,23724,"-19,146",69,0.827082
-19.0,147.0,69972,"-19,147",29,0.652376
-19.0,148.0,12,"-19,148",704,0.999945
-19.0,152.0,1,"-19,152",796,0.999998
-20.0,115.0,20,"-20,115",682,0.999907
-20.0,116.0,261,"-20,116",477,0.997611
-20.0,117.0,11,"-20,117",711,0.999953
-20.0,118.0,5,"-20,118",747,0.999984
-20.0,119.0,3899,"-20,119",189,0.959589
-20.0,120.0,672,"-20,120",368,0.992397
-20.0,121.0,1191,"-20,121",302,0.986034
-20.0,122.0,4,"-20,122",750,0.999986
-20.0,128.0,375,"-20,128",448,0.996673
-20.0,129.0,13,"-20,129",701,0.999941
-20.0,130.0,104,"-20,130",559,0.999164
-20.0,133.0,2,"-20,133",776,0.999994
-20.0,134.0,4286,"-20,134",183,0.957028
-20.0,135.0,10,"-20,135",718,0.999961
-20.0,136.0,854,"-20,136",344,0.990439
-20.0,137.0,582,"-20,137",388,0.993704
-20.0,138.0,1216,"-20,138",299,0.985656
-20.0,139.0,3136,"-20,139",203,0.964812
-20.0,140.0,348,"-20,140",453,0.996862
-20.0,141.0,12,"-20,141",705,0.999946
-20.0,142.0,17,"-20,142",690,0.999924
-20.0,143.0,2,"-20,143",777,0.999994
-20.0,144.0,476,"-20,144",415,0.995202
-20.0,145.0,218,"-20,145",501,0.998207
-20.0,146.0,1815,"-20,146",263,0.980083
-20.0,147.0,5598,"-20,147",154,0.942081
-20.0,148.0,5476,"-20,148",156,0.943238
-20.0,149.0,4375,"-20,149",182,0.956571
-21.0,113.0,3,"-21,113",762,0.99999
-21.0,115.0,151,"-21,115",533,0.998826
-21.0,116.0,229,"-21,116",496,0.99809
-21.0,117.0,2432,"-21,117",230,0.972764
-21.0,118.0,424,"-21,118",431,0.995955
-21.0,119.0,452,"-21,119",421,0.995496
-21.0,120.0,1539,"-21,120",275,0.982214
-21.0,121.0,230,"-21,121",495,0.998066
-21.0,122.0,76,"-21,122",596,0.999509
-21.0,128.0,6,"-21,128",742,0.999981
-21.0,130.0,390,"-21,130",443,0.996473
-21.0,131.0,7,"-21,131",734,0.999976
-21.0,133.0,9,"-21,133",724,0.999967
-21.0,134.0,524,"-21,134",402,0.994513
-21.0,137.0,31,"-21,137",655,0.999835
-21.0,138.0,54,"-21,138",622,0.999691
-21.0,139.0,1377,"-21,139",285,0.983743
-21.0,140.0,10283,"-21,140",119,0.914088
-21.0,141.0,474,"-21,141",417,0.995301
-21.0,142.0,516,"-21,142",407,0.994785
-21.0,143.0,282,"-21,143",469,0.997384
-21.0,144.0,1338,"-21,144",291,0.984591
-21.0,145.0,1779,"-21,145",265,0.980461
-21.0,146.0,100,"-21,146",561,0.999185
-21.0,147.0,239,"-21,147",485,0.997821
-21.0,148.0,3910,"-21,148",188,0.959181
-21.0,149.0,24393,"-21,149",68,0.824534
-21.0,150.0,4,"-21,150",751,0.999986
-21.0,151.0,4,"-21,151",752,0.999987
-22.0,114.0,5482,"-22,114",155,0.942665
-22.0,115.0,306,"-22,115",461,0.997135
-22.0,116.0,395,"-22,116",442,0.996432
-22.0,117.0,442,"-22,117",424,0.995637
-22.0,118.0,532,"-22,118",398,0.994293
-22.0,119.0,612,"-22,119",380,0.993203
-22.0,120.0,258,"-22,120",478,0.997638
-22.0,121.0,234,"-22,121",490,0.997945
-22.0,122.0,45,"-22,122",632,0.999743
-22.0,123.0,26,"-22,123",667,0.999871
-22.0,124.0,25,"-22,124",668,0.999874
-22.0,125.0,48,"-22,125",628,0.999723
-22.0,126.0,14,"-22,126",698,0.999936
-22.0,128.0,3,"-22,128",763,0.999991
-22.0,131.0,97,"-22,131",565,0.999226
-22.0,132.0,244,"-22,132",483,0.99777
-22.0,133.0,92,"-22,133",571,0.999286
-22.0,134.0,161,"-22,134",527,0.998728
-22.0,135.0,109,"-22,135",556,0.99913
-22.0,137.0,25,"-22,137",669,0.999877
-22.0,138.0,73,"-22,138",599,0.999532
-22.0,139.0,153,"-22,139",531,0.998794
-22.0,140.0,271,"-22,140",474,0.997527
-22.0,141.0,67,"-22,141",613,0.999635
-22.0,142.0,659,"-22,142",372,0.992675
-22.0,143.0,3015,"-22,143",205,0.965461
-22.0,144.0,8,"-22,144",728,0.999971
-22.0,145.0,124,"-22,145",545,0.998995
-22.0,146.0,82,"-22,146",588,0.999442
-22.0,147.0,417,"-22,147",435,0.996131
-22.0,148.0,764,"-22,148",358,0.991625
-22.0,149.0,1871,"-22,149",259,0.97931
-22.0,150.0,4436,"-22,150",179,0.955186
-22.0,151.0,3,"-22,151",764,0.999991
-22.0,152.0,1,"-22,152",797,0.999998
-22.0,153.0,3,"-22,153",765,0.999991
-23.0,114.0,1085,"-23,114",309,0.986872
-23.0,115.0,141,"-23,115",536,0.998872
-23.0,116.0,107,"-23,116",557,0.999141
-23.0,117.0,403,"-23,117",440,0.996348
-23.0,118.0,857,"-23,118",342,0.99026
-23.0,119.0,1524,"-23,119",277,0.982535
-23.0,120.0,2212,"-23,120",244,0.97614
-23.0,121.0,84,"-23,121",585,0.999416
-23.0,122.0,13,"-23,122",702,0.999942
-23.0,123.0,90,"-23,123",575,0.999324
-23.0,124.0,34,"-23,124",649,0.999815
-23.0,125.0,1,"-23,125",798,0.999998
-23.0,126.0,40,"-23,126",641,0.999784
-23.0,127.0,965,"-23,127",330,0.989123
-23.0,128.0,102,"-23,128",560,0.999174
-23.0,129.0,263,"-23,129",476,0.997583
-23.0,130.0,73,"-23,130",600,0.99954
-23.0,131.0,5709,"-23,131",152,0.940894
-23.0,132.0,1011,"-23,132",322,0.988294
-23.0,133.0,258,"-23,133",479,0.997665
-23.0,134.0,360,"-23,134",450,0.99675
-23.0,135.0,99,"-23,135",562,0.999196
-23.0,136.0,85,"-23,136",582,0.999389
-23.0,137.0,96,"-23,137",567,0.999247
-23.0,138.0,88,"-23,138",580,0.999371
-23.0,139.0,25,"-23,139",670,0.999879
-23.0,140.0,2848,"-23,140",216,0.968847
-23.0,141.0,320,"-23,141",458,0.997036
-23.0,142.0,2802,"-23,142",219,0.969734
-23.0,143.0,3252,"-23,143",200,0.963801
-23.0,144.0,3600,"-23,144",196,0.962355
-23.0,145.0,1243,"-23,145",297,0.985399
-23.0,146.0,647,"-23,146",373,0.992744
-23.0,147.0,2,"-23,147",778,0.999995
-23.0,148.0,2772,"-23,148",220,0.970027
-23.0,149.0,631,"-23,149",375,0.992879
-23.0,150.0,9786,"-23,150",121,0.916191
-23.0,151.0,13730,"-23,151",101,0.892083
-23.0,152.0,1056,"-23,152",313,0.987322
-23.0,153.0,1,"-23,153",799,0.999998
-24.0,113.0,129,"-24,113",540,0.998929
-24.0,114.0,123,"-24,114",547,0.999021
-24.0,115.0,2,"-24,115",779,0.999995
-24.0,116.0,239,"-24,116",486,0.997846
-24.0,117.0,417,"-24,117",436,0.996174
-24.0,118.0,9,"-24,118",725,0.999968
-24.0,119.0,448,"-24,119",422,0.995543
-24.0,120.0,990,"-24,120",327,0.988815
-24.0,122.0,19,"-24,122",686,0.999916
-24.0,123.0,14,"-24,123",699,0.999938
-24.0,125.0,2,"-24,125",780,0.999995
-24.0,129.0,97,"-24,129",566,0.999236
-24.0,131.0,193,"-24,131",515,0.998509
-24.0,132.0,1558,"-24,132",274,0.982051
-24.0,133.0,4686,"-24,133",174,0.952795
-24.0,134.0,19178,"-24,134",87,0.867372
-24.0,135.0,38,"-24,135",643,0.999792
-24.0,137.0,53,"-24,137",623,0.999697
-24.0,138.0,620,"-24,138",376,0.992945
-24.0,139.0,829,"-24,139",348,0.990793
-24.0,140.0,1166,"-24,140",303,0.986159
-24.0,141.0,2655,"-24,141",224,0.971172
-24.0,142.0,106,"-24,142",558,0.999153
-24.0,143.0,362,"-24,143",449,0.996712
-24.0,144.0,160,"-24,144",528,0.998745
-24.0,145.0,3245,"-24,145",201,0.96414
-24.0,146.0,276,"-24,146",470,0.997413
-24.0,147.0,169,"-24,147",524,0.998676
-24.0,148.0,1920,"-24,148",256,0.978712
-24.0,149.0,1251,"-24,149",296,0.985268
-24.0,150.0,1436,"-24,150",280,0.982999
-24.0,151.0,14657,"-24,151",98,0.887559
-24.0,152.0,6502,"-24,152",147,0.937699
-24.0,153.0,1945,"-24,153",255,0.978509
-25.0,112.0,1,"-25,112",800,0.999998
-25.0,113.0,66,"-25,113",615,0.999649
-25.0,114.0,2029,"-25,114",251,0.977675
-25.0,115.0,573,"-25,115",389,0.993765
-25.0,116.0,25,"-25,116",671,0.999882
-25.0,117.0,43,"-25,117",637,0.999766
-25.0,119.0,82,"-25,119",589,0.99945
-25.0,120.0,21,"-25,120",679,0.999901
-25.0,121.0,59,"-25,121",617,0.999662
-25.0,122.0,19,"-25,122",687,0.999918
-25.0,124.0,7,"-25,124",735,0.999977
-25.0,125.0,23,"-25,125",674,0.999889
-25.0,128.0,35,"-25,128",647,0.999808
-25.0,129.0,173,"-25,129",520,0.998605
-25.0,130.0,10,"-25,130",719,0.999962
-25.0,131.0,5869,"-25,131",151,0.940281
-25.0,132.0,570,"-25,132",392,0.993944
-25.0,133.0,757,"-25,133",361,0.991864
-25.0,134.0,113,"-25,134",552,0.999083
-25.0,135.0,77,"-25,135",595,0.999501
-25.0,136.0,42,"-25,136",638,0.999771
-25.0,137.0,1,"-25,137",801,0.999999
-25.0,138.0,34,"-25,138",650,0.999818
-25.0,139.0,30,"-25,139",658,0.999845
-25.0,140.0,2257,"-25,140",240,0.975205
-25.0,141.0,89,"-25,141",576,0.999334
-25.0,142.0,273,"-25,142",472,0.997471
-25.0,143.0,2064,"-25,143",248,0.977035
-25.0,144.0,231,"-25,144",492,0.997994
-25.0,145.0,1654,"-25,145",270,0.981367
-25.0,146.0,905,"-25,146",335,0.989616
-25.0,147.0,111,"-25,147",554,0.999107
-25.0,148.0,1690,"-25,148",269,0.981191
-25.0,149.0,892,"-25,149",336,0.98971
-25.0,150.0,857,"-25,150",343,0.99035
-25.0,151.0,2408,"-25,151",231,0.973018
-25.0,152.0,52881,"-25,152",38,0.711746
-25.0,153.0,16911,"-25,153",95,0.882497
-25.0,154.0,3,"-25,154",766,0.999992
-26.0,112.0,1,"-26,112",802,0.999999
-26.0,113.0,1405,"-26,113",284,0.983596
-26.0,114.0,4974,"-26,114",166,0.948746
-26.0,116.0,45,"-26,116",633,0.999748
-26.0,117.0,11,"-26,117",712,0.999954
-26.0,118.0,48,"-26,118",629,0.999728
-26.0,119.0,291,"-26,119",467,0.997323
-26.0,120.0,50,"-26,120",626,0.999713
-26.0,121.0,236,"-26,121",488,0.997896
-26.0,122.0,155,"-26,122",529,0.998762
-26.0,123.0,82,"-26,123",590,0.999459
-26.0,124.0,4,"-26,124",753,0.999987
-26.0,125.0,8,"-26,125",729,0.999972
-26.0,126.0,31,"-26,126",656,0.999839
-26.0,127.0,82,"-26,127",591,0.999467
-26.0,128.0,10,"-26,128",720,0.999963
-26.0,129.0,2,"-26,129",781,0.999995
-26.0,130.0,44,"-26,130",635,0.999757
-26.0,131.0,8,"-26,131",730,0.999973
-26.0,132.0,2,"-26,132",782,0.999996
-26.0,133.0,212,"-26,133",505,0.998297
-26.0,134.0,70,"-26,134",604,0.99957
-26.0,135.0,172,"-26,135",521,0.998623
-26.0,136.0,75,"-26,136",598,0.999525
-26.0,137.0,21,"-26,137",680,0.999903
-26.0,138.0,69,"-26,138",606,0.999585
-26.0,139.0,2550,"-26,139",226,0.971722
-26.0,140.0,224,"-26,140",498,0.998138
-26.0,141.0,163,"-26,141",526,0.998711
-26.0,142.0,2,"-26,142",783,0.999996
-26.0,143.0,287,"-26,143",468,0.997354
-26.0,144.0,318,"-26,144",459,0.997069
-26.0,145.0,143,"-26,145",534,0.998842
-26.0,146.0,2323,"-26,146",234,0.973771
-26.0,147.0,1344,"-26,147",288,0.984171
-26.0,148.0,837,"-26,148",347,0.990705
-26.0,149.0,721,"-26,149",366,0.992249
-26.0,150.0,1643,"-26,150",271,0.98154
-26.0,151.0,1304,"-26,151",292,0.984731
-26.0,152.0,7905,"-26,152",131,0.925657
-26.0,153.0,75889,"-26,153",23,0.606875
-27.0,113.0,2,"-27,113",784,0.999996
-27.0,114.0,195,"-27,114",514,0.998489
-27.0,115.0,250,"-27,115",481,0.997718
-27.0,116.0,503,"-27,116",409,0.994892
-27.0,117.0,95,"-27,117",569,0.999267
-27.0,118.0,1891,"-27,118",258,0.979112
-27.0,119.0,16,"-27,119",691,0.999925
-27.0,120.0,203,"-27,120",509,0.998385
-27.0,121.0,69,"-27,121",607,0.999592
-27.0,122.0,67,"-27,122",614,0.999642
-27.0,124.0,28,"-27,124",662,0.999857
-27.0,125.0,36,"-27,125",646,0.999804
-27.0,126.0,55,"-27,126",620,0.99968
-27.0,131.0,1,"-27,131",803,0.999999
-27.0,132.0,64,"-27,132",616,0.999655
-27.0,133.0,462,"-27,133",420,0.995448
-27.0,134.0,338,"-27,134",454,0.996898
-27.0,135.0,69,"-27,135",608,0.999599
-27.0,137.0,3,"-27,137",767,0.999992
-27.0,139.0,596,"-27,139",385,0.99352
-27.0,140.0,1012,"-27,140",321,0.988189
-27.0,141.0,85,"-27,141",583,0.999398
-27.0,142.0,8,"-27,142",731,0.999973
-27.0,143.0,1070,"-27,143",312,0.987211
-27.0,144.0,3186,"-27,144",202,0.964479
-27.0,145.0,244,"-27,145",484,0.997796
-27.0,146.0,660,"-27,146",371,0.992607
-27.0,147.0,21,"-27,147",681,0.999905
-27.0,148.0,69,"-27,148",609,0.999606
-27.0,149.0,5322,"-27,149",160,0.945514
-27.0,150.0,6152,"-27,150",149,0.939024
-27.0,151.0,9517,"-27,151",122,0.917213
-27.0,152.0,72525,"-27,152",25,0.622386
-27.0,153.0,658012,"-27,153",2,0.12359
-27.0,154.0,4072,"-27,154",185,0.957919
-28.0,114.0,2724,"-28,114",222,0.970604
-28.0,115.0,988,"-28,115",328,0.988918
-28.0,116.0,313,"-28,116",460,0.997103
-28.0,117.0,190,"-28,117",516,0.99853
-28.0,118.0,994,"-28,118",323,0.9884
-28.0,119.0,447,"-28,119",423,0.99559
-28.0,120.0,118,"-28,120",550,0.999059
-28.0,121.0,84,"-28,121",586,0.999424
-28.0,122.0,37,"-28,122",645,0.9998
-28.0,123.0,129,"-28,123",541,0.998942
-28.0,124.0,356,"-28,124",451,0.996788
-28.0,128.0,1,"-28,128",804,0.999999
-28.0,134.0,219,"-28,134",499,0.998161
-28.0,135.0,124,"-28,135",546,0.999008
-28.0,136.0,294,"-28,136",465,0.997262
-28.0,138.0,425,"-28,138",430,0.99591
-28.0,139.0,2399,"-28,139",232,0.97327
-28.0,140.0,87,"-28,140",581,0.99938
-28.0,141.0,1738,"-28,141",267,0.980831
-28.0,142.0,234,"-28,142",491,0.99797
-28.0,143.0,669,"-28,143",369,0.992467
-28.0,144.0,2224,"-28,144",242,0.975676
-28.0,145.0,4795,"-28,145",170,0.950813
-28.0,146.0,20608,"-28,146",79,0.850678
-28.0,147.0,1361,"-28,147",287,0.984029
-28.0,148.0,1212,"-28,148",300,0.985783
-28.0,149.0,5653,"-28,149",153,0.94149
-28.0,150.0,869,"-28,150",340,0.99008
-28.0,151.0,16069,"-28,151",96,0.884263
-28.0,152.0,86822,"-28,152",19,0.573381
-28.0,153.0,451631,"-28,153",4,0.258342
-28.0,154.0,34075,"-28,154",54,0.780464
-29.0,114.0,378,"-29,114",446,0.996594
-29.0,115.0,2316,"-29,115",235,0.974013
-29.0,116.0,928,"-29,116",334,0.989519
-29.0,117.0,761,"-29,117",359,0.991705
-29.0,118.0,1339,"-29,118",290,0.984452
-29.0,119.0,96,"-29,119",568,0.999257
-29.0,121.0,420,"-29,121",433,0.996043
-29.0,122.0,2164,"-29,122",245,0.976371
-29.0,123.0,39,"-29,123",642,0.999788
-29.0,124.0,8,"-29,124",732,0.999974
-29.0,125.0,9,"-29,125",726,0.999969
-29.0,127.0,2,"-29,127",785,0.999996
-29.0,130.0,5,"-29,130",748,0.999985
-29.0,131.0,20,"-29,131",683,0.99991
-29.0,134.0,130,"-29,134",539,0.998915
-29.0,135.0,2217,"-29,135",243,0.975909
-29.0,136.0,48,"-29,136",630,0.999733
-29.0,137.0,299,"-29,137",464,0.997231
-29.0,138.0,1054,"-29,138",314,0.987433
-29.0,139.0,197,"-29,139",512,0.998448
-29.0,140.0,1122,"-29,140",306,0.986524
-29.0,141.0,4063,"-29,141",186,0.958344
-29.0,142.0,6663,"-29,142",142,0.934256
-29.0,143.0,42,"-29,143",639,0.999775
-29.0,144.0,2033,"-29,144",249,0.97725
-29.0,145.0,1634,"-29,145",272,0.981712
-29.0,146.0,620,"-29,146",377,0.99301
-29.0,147.0,416,"-29,147",438,0.996261
-29.0,148.0,1763,"-29,148",266,0.980647
-29.0,149.0,1433,"-29,149",281,0.983149
-29.0,150.0,5372,"-29,150",159,0.944953
-29.0,151.0,9227,"-29,151",125,0.920185
-29.0,152.0,39166,"-29,152",46,0.749497
-29.0,153.0,53853,"-29,153",37,0.706122
-29.0,154.0,64303,"-29,154",33,0.681329
-30.0,114.0,4,"-30,114",754,0.999987
-30.0,115.0,1909,"-30,115",257,0.978913
-30.0,116.0,853,"-30,116",345,0.990528
-30.0,117.0,2924,"-30,117",212,0.967637
-30.0,118.0,294,"-30,118",466,0.997293
-30.0,119.0,69,"-30,119",610,0.999613
-30.0,120.0,248,"-30,120",482,0.997745
-30.0,121.0,794,"-30,121",354,0.9913
-30.0,122.0,9,"-30,122",727,0.99997
-30.0,124.0,7,"-30,124",736,0.999977
-30.0,126.0,2,"-30,126",786,0.999996
-30.0,131.0,1,"-30,131",805,0.999999
-30.0,132.0,15,"-30,132",694,0.99993
-30.0,135.0,779,"-30,135",355,0.991383
-30.0,136.0,122,"-30,136",548,0.999034
-30.0,137.0,521,"-30,137",404,0.994623
-30.0,138.0,2603,"-30,138",225,0.97145
-30.0,139.0,1430,"-30,139",282,0.983299
-30.0,140.0,89,"-30,140",577,0.999343
-30.0,141.0,1,"-30,141",806,0.999999
-30.0,142.0,859,"-30,142",341,0.99017
-30.0,143.0,597,"-30,143",384,0.993457
-30.0,144.0,568,"-30,144",393,0.994003
-30.0,145.0,1340,"-30,145",289,0.984312
-30.0,146.0,11053,"-30,146",113,0.907488
-30.0,147.0,1037,"-30,147",316,0.987652
-30.0,148.0,1219,"-30,148",298,0.985529
-30.0,149.0,1083,"-30,149",310,0.986985
-30.0,150.0,10347,"-30,150",116,0.91085
-30.0,151.0,39021,"-30,151",47,0.753587
-30.0,152.0,20437,"-30,152",81,0.854972
-30.0,153.0,77605,"-30,153",21,0.590752
-30.0,154.0,330,"-30,154",455,0.996934
-31.0,115.0,2279,"-31,115",237,0.974494
-31.0,116.0,3669,"-31,116",195,0.961972
-31.0,117.0,2398,"-31,117",233,0.97352
-31.0,118.0,1805,"-31,118",264,0.980272
-31.0,119.0,1163,"-31,119",305,0.986402
-31.0,120.0,389,"-31,120",444,0.996514
-31.0,121.0,3013,"-31,121",206,0.965776
-31.0,122.0,210,"-31,122",506,0.998319
-31.0,123.0,72,"-31,123",601,0.999548
-31.0,124.0,45,"-31,124",634,0.999753
-31.0,125.0,41,"-31,125",640,0.99978
-31.0,126.0,6,"-31,126",743,0.999982
-31.0,127.0,2,"-31,127",787,0.999997
-31.0,128.0,15,"-31,128",695,0.999932
-31.0,129.0,32,"-31,129",653,0.999829
-31.0,130.0,1105,"-31,130",307,0.986641
-31.0,131.0,942,"-31,131",332,0.989323
-31.0,132.0,171,"-31,132",523,0.998659
-31.0,133.0,1,"-31,133",807,0.999999
-31.0,134.0,22,"-31,134",678,0.999899
-31.0,135.0,179,"-31,135",517,0.998549
-31.0,136.0,228,"-31,136",497,0.998114
-31.0,137.0,527,"-31,137",399,0.994349
-31.0,138.0,2253,"-31,138",241,0.975441
-31.0,139.0,3949,"-31,139",187,0.958768
-31.0,140.0,52,"-31,140",624,0.999702
-31.0,141.0,1,"-31,141",808,0.999999
-31.0,142.0,2720,"-31,142",223,0.970888
-31.0,143.0,1530,"-31,143",276,0.982375
-31.0,144.0,583,"-31,144",387,0.993643
-31.0,145.0,572,"-31,145",390,0.993824
-31.0,146.0,8425,"-31,146",129,0.923905
-31.0,147.0,1049,"-31,147",315,0.987543
-31.0,148.0,2462,"-31,148",229,0.972507
-31.0,149.0,11526,"-31,149",109,0.902744
-31.0,150.0,7341,"-31,150",138,0.931291
-31.0,151.0,13187,"-31,151",102,0.893517
-31.0,152.0,32201,"-31,152",58,0.794446
-31.0,153.0,88150,"-31,153",18,0.564175
-31.0,154.0,1,"-31,154",809,0.999999
-32.0,115.0,949,"-32,115",331,0.989224
-32.0,116.0,265993,"-32,116",6,0.345213
-32.0,117.0,19816,"-32,117",83,0.859187
-32.0,118.0,2898,"-32,118",214,0.968247
-32.0,119.0,611,"-32,119",381,0.993267
-32.0,120.0,153,"-32,120",532,0.99881
-32.0,121.0,417,"-32,121",437,0.996218
-32.0,122.0,607,"-32,122",382,0.993331
-32.0,123.0,572,"-32,123",391,0.993884
-32.0,124.0,219,"-32,124",500,0.998184
-32.0,125.0,128,"-32,125",543,0.998969
-32.0,126.0,3841,"-32,126",191,0.960399
-32.0,127.0,484,"-32,127",414,0.995151
-32.0,128.0,208,"-32,128",508,0.998363
-32.0,129.0,806,"-32,129",351,0.99105
-32.0,130.0,423,"-32,130",432,0.995999
-32.0,131.0,70,"-32,131",605,0.999577
-32.0,132.0,306,"-32,132",462,0.997167
-32.0,133.0,737,"-32,133",363,0.992021
-32.0,134.0,1194,"-32,134",301,0.98591
-32.0,135.0,435,"-32,135",428,0.99582
-32.0,136.0,1848,"-32,136",261,0.979699
-32.0,137.0,85,"-32,137",584,0.999407
-32.0,138.0,7848,"-32,138",132,0.926483
-32.0,139.0,2930,"-32,139",211,0.967331
-32.0,140.0,504,"-32,140",408,0.994839
-32.0,141.0,4701,"-32,141",172,0.951814
-32.0,142.0,4240,"-32,142",184,0.957476
-32.0,143.0,2272,"-32,143",238,0.974732
-32.0,144.0,303,"-32,144",463,0.997199
-32.0,145.0,353,"-32,145",452,0.996825
-32.0,146.0,5266,"-32,146",161,0.946069
-32.0,147.0,3706,"-32,147",194,0.961585
-32.0,148.0,7621,"-32,148",136,0.929712
-32.0,149.0,27455,"-32,149",65,0.816334
-32.0,150.0,9460,"-32,150",124,0.919197
-32.0,151.0,17302,"-32,151",94,0.88069
-32.0,152.0,36440,"-32,152",50,0.765582
-32.0,153.0,72462,"-32,153",26,0.629959
-33.0,115.0,5,"-33,115",749,0.999985
-33.0,116.0,34243,"-33,116",53,0.776888
-33.0,117.0,19371,"-33,117",86,0.865349
-33.0,118.0,843,"-33,118",346,0.990617
-33.0,119.0,166,"-33,119",525,0.998694
-33.0,120.0,155,"-33,120",530,0.998778
-33.0,121.0,264,"-33,121",475,0.997556
-33.0,122.0,377,"-33,122",447,0.996634
-33.0,123.0,197,"-33,123",513,0.998468
-33.0,124.0,15,"-33,124",696,0.999933
-33.0,133.0,7,"-33,133",737,0.999978
-33.0,134.0,1079,"-33,134",311,0.987098
-33.0,135.0,1362,"-33,135",286,0.983887
-33.0,136.0,935,"-33,136",333,0.989421
-33.0,137.0,4911,"-33,137",169,0.950301
-33.0,138.0,10446,"-33,138",115,0.909759
-33.0,139.0,4399,"-33,139",181,0.956112
-33.0,140.0,174,"-33,140",519,0.998586
-33.0,141.0,1482,"-33,141",278,0.982694
-33.0,142.0,891,"-33,142",337,0.989803
-33.0,143.0,559,"-33,143",395,0.994121
-33.0,144.0,199,"-33,144",511,0.998427
-33.0,145.0,519,"-33,145",406,0.994731
-33.0,146.0,25711,"-33,146",66,0.819201
-33.0,147.0,2913,"-33,147",213,0.967942
-33.0,148.0,17691,"-33,148",91,0.875168
-33.0,149.0,22808,"-33,149",73,0.836864
-33.0,150.0,69191,"-33,150",31,0.666954
-33.0,151.0,136598,"-33,151",14,0.516333
-33.0,152.0,173829,"-33,152",11,0.467535
-33.0,153.0,994,"-33,153",324,0.988504
-34.0,115.0,21611,"-34,115",77,0.846214
-34.0,116.0,14654,"-34,116",99,0.88909
-34.0,117.0,6603,"-34,117",144,0.935643
-34.0,118.0,11222,"-34,118",112,0.906316
-34.0,119.0,6977,"-34,119",140,0.932816
-34.0,120.0,2283,"-34,120",236,0.974255
-34.0,121.0,495,"-34,121",412,0.995049
-34.0,122.0,6550,"-34,122",145,0.936332
-34.0,123.0,994,"-34,123",325,0.988608
-34.0,124.0,47,"-34,124",631,0.999738
-34.0,134.0,19,"-34,134",688,0.99992
-34.0,135.0,615,"-34,135",379,0.993139
-34.0,136.0,2264,"-34,136",239,0.974969
-34.0,137.0,3759,"-34,137",192,0.9608
-34.0,138.0,12829,"-34,138",105,0.897634
-34.0,139.0,10694,"-34,139",114,0.908642
-34.0,140.0,25356,"-34,140",67,0.821886
-34.0,141.0,12429,"-34,141",106,0.898974
-34.0,142.0,20513,"-34,142",80,0.85283
-34.0,143.0,2982,"-34,143",208,0.966405
-34.0,144.0,562,"-34,144",394,0.994063
-34.0,145.0,1024,"-34,145",318,0.987869
-34.0,146.0,12040,"-34,146",107,0.900272
-34.0,147.0,7713,"-34,147",134,0.928109
-34.0,148.0,22805,"-34,148",74,0.839245
-34.0,149.0,31833,"-34,149",59,0.797809
-34.0,150.0,59547,"-34,150",34,0.688044
-34.0,151.0,632371,"-34,151",3,0.192305
-34.0,152.0,1105,"-34,152",308,0.986756
-34.0,153.0,2,"-34,153",788,0.999997
-35.0,116.0,1165,"-35,116",304,0.98628
-35.0,117.0,8351,"-35,117",130,0.924785
-35.0,118.0,49907,"-35,118",39,0.717268
-35.0,119.0,1441,"-35,119",279,0.982848
-35.0,120.0,4783,"-35,120",171,0.951314
-35.0,123.0,4,"-35,123",755,0.999988
-35.0,125.0,4,"-35,125",756,0.999988
-35.0,131.0,2,"-35,131",789,0.999997
-35.0,132.0,1,"-35,132",810,0.999999
-35.0,135.0,2804,"-35,135",218,0.969441
-35.0,136.0,11376,"-35,136",110,0.903948
-35.0,137.0,2103,"-35,137",246,0.976597
-35.0,138.0,37035,"-35,138",49,0.761714
-35.0,139.0,193286,"-35,139",10,0.44735
-35.0,140.0,2503,"-35,140",227,0.971988
-35.0,141.0,3860,"-35,141",190,0.959996
-35.0,142.0,35598,"-35,142",52,0.773171
-35.0,143.0,14010,"-35,143",100,0.89062
-35.0,144.0,9109,"-35,144",126,0.921148
-35.0,145.0,11301,"-35,145",111,0.905136
-35.0,146.0,17546,"-35,146",93,0.878858
-35.0,147.0,23475,"-35,147",71,0.832013
-35.0,148.0,17643,"-35,148",92,0.877015
-35.0,149.0,380234,"-35,149",5,0.305506
-35.0,150.0,57607,"-35,150",35,0.694263
-35.0,151.0,155472,"-35,151",12,0.485687
-36.0,122.0,3,"-36,122",768,0.999992
-36.0,137.0,7635,"-36,137",135,0.928915
-36.0,138.0,9857,"-36,138",120,0.915162
-36.0,139.0,33728,"-36,139",56,0.787561
-36.0,140.0,7266,"-36,140",139,0.932058
-36.0,141.0,3342,"-36,141",199,0.963452
-36.0,142.0,23500,"-36,142",70,0.829559
-36.0,143.0,3759,"-36,143",193,0.961193
-36.0,144.0,55958,"-36,144",36,0.700279
-36.0,145.0,90778,"-36,145",17,0.554696
-36.0,146.0,70255,"-36,146",28,0.64504
-36.0,147.0,76782,"-36,147",22,0.598856
-36.0,148.0,7727,"-36,148",133,0.927302
-36.0,149.0,33879,"-36,149",55,0.784023
-36.0,150.0,40883,"-36,150",45,0.745228
-36.0,151.0,520,"-36,151",405,0.994677
-36.0,152.0,12,"-36,152",706,0.999947
-37.0,138.0,1,"-37,138",811,1.0
-37.0,140.0,8725,"-37,140",127,0.9221
-37.0,141.0,22238,"-37,141",75,0.841627
-37.0,142.0,71944,"-37,142",27,0.637526
-37.0,143.0,18747,"-37,143",88,0.869375
-37.0,144.0,104946,"-37,144",16,0.543736
-37.0,145.0,79526,"-37,145",20,0.582447
-37.0,146.0,32204,"-37,146",57,0.791083
-37.0,147.0,13114,"-37,147",104,0.896265
-37.0,148.0,4953,"-37,148",168,0.949783
-37.0,149.0,3082,"-37,149",204,0.96514
-37.0,150.0,29700,"-37,150",61,0.804294
-37.0,152.0,11,"-37,152",713,0.999956
-38.0,140.0,4429,"-38,140",180,0.955649
-38.0,141.0,21688,"-38,141",76,0.843949
-38.0,142.0,41280,"-38,142",44,0.740917
-38.0,143.0,27535,"-38,143",64,0.813459
-38.0,144.0,248066,"-38,144",8,0.399931
-38.0,145.0,1183484,"-38,145",1,0.0
-38.0,146.0,72644,"-38,146",24,0.6148
-38.0,147.0,28519,"-38,147",63,0.810481
-38.0,148.0,47979,"-38,148",40,0.72248
-38.0,149.0,10312,"-38,149",118,0.913011
-38.0,150.0,19384,"-38,150",85,0.863325
-38.0,152.0,12,"-38,152",707,0.999948
-38.0,153.0,12,"-38,153",708,0.99995
-39.0,139.0,1,"-39,139",812,1.0
-39.0,141.0,4,"-39,141",757,0.999989
-39.0,142.0,7,"-39,142",738,0.999979
-39.0,143.0,11636,"-39,143",108,0.901529
-39.0,144.0,18722,"-39,144",89,0.871332
-39.0,145.0,18006,"-39,145",90,0.873288
-39.0,146.0,41810,"-39,146",43,0.736551
-39.0,147.0,5043,"-39,147",164,0.947699
-39.0,148.0,2,"-39,148",790,0.999997
-39.0,150.0,1,"-39,150",813,1.0
-39.0,152.0,20,"-39,152",684,0.999912
-40.0,144.0,5473,"-40,144",158,0.944381
-40.0,145.0,113,"-40,145",553,0.999095
-40.0,146.0,11,"-40,146",714,0.999957
-40.0,148.0,6613,"-40,148",143,0.934952
-40.0,149.0,525,"-40,149",401,0.994458
-40.0,151.0,10,"-40,151",721,0.999964
-41.0,145.0,7501,"-41,145",137,0.930508
-41.0,146.0,36234,"-41,146",51,0.769387
-41.0,147.0,43935,"-41,147",41,0.72749
-41.0,148.0,42825,"-41,148",42,0.732079
-41.0,149.0,7,"-41,149",739,0.999979
-41.0,150.0,28,"-41,150",663,0.99986
-42.0,145.0,4988,"-42,145",165,0.948225
-42.0,146.0,6809,"-42,146",141,0.933545
-42.0,147.0,19923,"-42,147",82,0.857106
-42.0,148.0,10347,"-42,148",117,0.91193
-43.0,146.0,1830,"-43,146",262,0.979892
-43.0,147.0,206013,"-43,147",9,0.425836
-43.0,148.0,68462,"-43,148",32,0.67418
-43.0,150.0,2,"-43,150",791,0.999997
-44.0,146.0,766,"-44,146",357,0.991545
-44.0,147.0,540,"-44,147",397,0.994237
-44.0,148.0,3,"-44,148",769,0.999993
-44.0,149.0,20,"-44,149",685,0.999914
-44.0,150.0,12,"-44,150",709,0.999951
-44.0,151.0,1,"-44,151",814,1.0
-44.0,152.0,3,"-44,152",770,0.999993
