scientific,name,count
Gymnorhina tibicen,Australian Magpie,238202
Grallina cyanoleuca,Magpie-lark,188164
Hirundo neoxena,Welcome Swallow,170986
Trichoglossus moluccanus,Rainbow Lorikeet,168300
Rhipidura leucophrys,Willie Wagtail,157302
Malurus cyaneus,Superb Fairy-wren,156965
Manorina melanocephala,Noisy Miner,145524
Anas superciliosa,Anas superciliosa,134765
Vanellus miles,Vanellus miles,134591
Rhipidura albiscapa,Rhipidura albiscapa,134370
Eolophus roseicapilla,Galah,131819
Cacatua galerita,Sulphur-crested Cockatoo,130081
Anthochaera carunculata,Anthochaera carunculata,122544
Dacelo novaeguineae,Laughing Kookaburra,121971
Threskiornis moluccus,Threskiornis moluccus,114296
Ocyphaps lophotes,Ocyphaps lophotes,105465
Microcarbo melanoleucos,Microcarbo melanoleucos,101568
Strepera graculina,Strepera graculina,101219
Chroicocephalus novaehollandiae,Chroicocephalus novaehollandiae,99813
Chenonetta jubata,Chenonetta jubata,97410
Corvus coronoides,Corvus coronoides,96308
Cracticus torquatus,Cracticus torquatus,93588
Colluricincla harmonica,Colluricincla harmonica,90366
Egretta novaehollandiae,Egretta novaehollandiae,89313
Zosterops lateralis,Silvereye,88427
Acridotheres tristis,Acridotheres tristis,81185
Fulica atra,Fulica atra,81154
Coracina novaehollandiae,Coracina novaehollandiae,80457
Porphyrio porphyrio,Porphyrio porphyrio,79030
Gallinula tenebrosa,Gallinula tenebrosa,78347
Phalacrocorax sulcirostris,Phalacrocorax sulcirostris,77603
Acanthiza pusilla,Acanthiza pusilla,77416
Corvus mellori,Corvus mellori,72869
Sturnus vulgaris,Sturnus vulgaris,70461
Pardalotus striatus,Pardalotus striatus,70150
Spilopelia chinensis,Spilopelia chinensis,69966
Phylidonyris novaehollandiae,Phylidonyris novaehollandiae,67904
Pelecanus conspicillatus,Pelecanus conspicillatus,67289
Platycercus elegans,Platycercus elegans,65967
Turdus merula,Turdus merula,64895
Corvus orru,Corvus orru,64400
Anas gracilis,Anas gracilis,63470
Pardalotus punctatus,Pardalotus punctatus,63400
Sericornis frontalis,Sericornis frontalis,62333
Platycercus eximius,Platycercus eximius,61622
Cacatua sanguinea,Cacatua sanguinea,61547
Cygnus atratus,Cygnus atratus,58923
Caligavis chrysops,Caligavis chrysops,57491
Ardea alba,Ardea alba,56844
Pachycephala rufiventris,Pachycephala rufiventris,56158
Lichmera indistincta,Lichmera indistincta,55062
Meliphaga lewinii,Meliphaga lewinii,54503
Eopsaltria australis,Eopsaltria australis,54388
Neochmia temporalis,Neochmia temporalis,52984
Ptilotula penicillata,Ptilotula penicillata,52234
Tachybaptus novaehollandiae,Tachybaptus novaehollandiae,51564
Anas castanea,Anas castanea,51340
Anhinga novaehollandiae,Anhinga novaehollandiae,49862
Passer domesticus,Passer domesticus,48382
Sphecotheres vieilloti,Sphecotheres vieilloti,48153
Columba livia,Columba livia,47751
Psophodes olivaceus,Psophodes olivaceus,47678
Cracticus nigrogularis,Cracticus nigrogularis,47405
Anthochaera chrysoptera,Anthochaera chrysoptera,47370
Haliastur sphenurus,Haliastur sphenurus,46518
Geopelia humeralis,Geopelia humeralis,45991
Acanthorhynchus tenuirostris,Acanthorhynchus tenuirostris,44959
Geopelia placida,Geopelia placida,44033
Phalacrocorax carbo,Phalacrocorax carbo,42418
Todiramphus sanctus,Todiramphus sanctus,41266
Threskiornis spinicollis,Threskiornis spinicollis,40170
Alisterus scapularis,Alisterus scapularis,39551
Cormobates leucophaea,Cormobates leucophaea,39237
Thalasseus bergii,Thalasseus bergii,38810
Merops ornatus,Rainbow Bee-eater,37699
Entomyzon cyanotis,Entomyzon cyanotis,36588
Psephotus haematonotus,Psephotus haematonotus,35943
Smicrornis brevirostris,Smicrornis brevirostris,33804
Philemon corniculatus,Philemon corniculatus,33475
Gavicalis virescens,Gavicalis virescens,32930
Phaps chalcoptera,Phaps chalcoptera,32076
Oriolus sagittatus,Oriolus sagittatus,31889
Alectura lathami,Alectura lathami,31867
Dicaeum hirundinaceum,Dicaeum hirundinaceum,30957
Zanda funerea,Zanda funerea,30940
Petrochelidon nigricans,Petrochelidon nigricans,30303
Falco cenchroides,Falco cenchroides,29918
Platalea regia,Platalea regia,29408
Acanthiza chrysorrhoa,Acanthiza chrysorrhoa,29158
Acrocephalus australis,Acrocephalus australis,28509
Poliocephalus poliocephalus,Poliocephalus poliocephalus,28270
Aythya australis,Aythya australis,28230
Elanus axillaris,Elanus axillaris,28032
Phalacrocorax varius,Phalacrocorax varius,27650
Haematopus longirostris,Haematopus longirostris,27517
Haliaeetus leucogaster,Haliaeetus leucogaster,27215
Himantopus himantopus,Himantopus himantopus,26548
Cacomantis flabelliformis,Cacomantis flabelliformis,25817
Aquila audax,Aquila audax,25417
Cisticola exilis,Cisticola exilis,25140
Eudynamys orientalis,Eastern Koel,24493
Artamus leucorynchus,Artamus leucorynchus,23998
Dicrurus bracteatus,Dicrurus bracteatus,23574
Barnardius zonarius,Barnardius zonarius,23353
Ptilonorhynchus violaceus,Ptilonorhynchus violaceus,23273
Egretta garzetta,Egretta garzetta,22886
Philemon citreogularis,Philemon citreogularis,22617
Strepera versicolor,Strepera versicolor,22229
Corvus tasmanicus,Corvus tasmanicus,21833
Trichoglossus chlorolepidotus,Trichoglossus chlorolepidotus,21145
Falco berigora,Falco berigora,20764
Acanthiza lineata,Acanthiza lineata,20651
Petrochelidon ariel,Petrochelidon ariel,20542
Acanthiza nana,Acanthiza nana,20370
Cacatua tenuirostris,Cacatua tenuirostris,20191
Milvus migrans,Milvus migrans,20095
Pachycephala pectoralis,Pachycephala pectoralis,19900
Acanthagenys rufogularis,Acanthagenys rufogularis,19556
Corcorax melanorhamphos,Corcorax melanorhamphos,19487
Ardea pacifica,Ardea pacifica,19277
Nesoptilotis leucotis,Nesoptilotis leucotis,18820
Carduelis carduelis,Carduelis carduelis,18770
Tadorna tadornoides,Tadorna tadornoides,18770
Anthus novaeseelandiae,Anthus novaeseelandiae,18612
Malurus melanocephalus,Malurus melanocephalus,18499
Circus approximans,Circus approximans,18023
Stizoptera bichenovii,Stizoptera bichenovii,17264
Poodytes gramineus,Poodytes gramineus,17035
Podargus strigoides,Podargus strigoides,17010
Larus pacificus,Larus pacificus,16685
Myzomela sanguinolenta,Myzomela sanguinolenta,16552
Artamus cyanopterus,Artamus cyanopterus,16503
Lalage leucomela,Lalage leucomela,16240
Accipiter fasciatus,Accipiter fasciatus,16228
Ardea intermedia,Ardea intermedia,16006
Myiagra rubecula,Myiagra rubecula,15931
Chalcites lucidus,Chalcites lucidus,15641
Hydroprogne caspia,Hydroprogne caspia,15294
Gerygone mouki,Gerygone mouki,15185
Macropygia phasianella,Macropygia phasianella,15116
Centropus phasianinus,Centropus phasianinus,14482
Malurus lamberti,Malurus lamberti,14474
Scythrops novaehollandiae,Scythrops novaehollandiae,14453
Calyptorhynchus banksii,Calyptorhynchus banksii,14441
Melithreptus lunatus,Melithreptus lunatus,14318
Melithreptus albogularis,Melithreptus albogularis,14230
Platycercus adscitus,Platycercus adscitus,14203
Rhipidura rufifrons,Rhipidura rufifrons,14178
Eurystomus orientalis,Eurystomus orientalis,13704
Petroica boodang,Petroica boodang,13624
Platalea flavipes,Platalea flavipes,13132
Manorina flavigula,Manorina flavigula,13015
Coracina papuensis,Coracina papuensis,12874
Gerygone olivacea,Gerygone olivacea,12547
Manorina melanophrys,Manorina melanophrys,12538
Anseranas semipalmata,Anseranas semipalmata,12223
Taeniopygia guttata,Taeniopygia guttata,12095
Burhinus grallarius,Burhinus grallarius,12014
Spatula rhynchotis,Spatula rhynchotis,11979
Pandion haliaetus,Pandion haliaetus,11870
Nycticorax caledonicus,Nycticorax caledonicus,11856
Haematopus fuliginosus,Haematopus fuliginosus,11831
Charadrius ruficapillus,Charadrius ruficapillus,11695
Melithreptus brevirostris,Melithreptus brevirostris,11601
Hypotaenidia philippensis,Hypotaenidia philippensis,11412
Synoicus ypsilophora,Synoicus ypsilophora,11333
Climacteris picumnus,Climacteris picumnus,11249
Leucosarcia melanoleuca,Leucosarcia melanoleuca,11144
Biziura lobata,Biziura lobata,11131
Limosa lapponica,Limosa lapponica,10972
Phylidonyris niger,Phylidonyris niger,10899
Platycercus caledonicus,Platycercus caledonicus,10880
Todiramphus macleayii,Todiramphus macleayii,10776
Colluricincla rufogaster,Colluricincla rufogaster,10573
Phylidonyris pyrrhopterus,Phylidonyris pyrrhopterus,10420
Microeca fascinans,Microeca fascinans,10412
Podiceps cristatus,Podiceps cristatus,10403
Morus serrator,Morus serrator,10373
Haliastur indus,Haliastur indus,10288
Calidris ruficollis,Red-necked Stint,10227
Megapodius reinwardt,Megapodius reinwardt,10101
Dromaius novaehollandiae,Dromaius novaehollandiae,10051
Ducula spilorrhoa,Ducula spilorrhoa,10051
Cincloramphus timoriensis,Cincloramphus timoriensis,9928
Gerygone fusca,Gerygone fusca,9922
Acanthiza reguloides,Acanthiza reguloides,9910
Cacomantis variolosus,Cacomantis variolosus,9908
Larus dominicanus,Larus dominicanus,9847
Struthidea cinerea,Struthidea cinerea,9809
Pomatostomus temporalis,Pomatostomus temporalis,9567
Pomatostomus superciliosus,Pomatostomus superciliosus,9511
Tribonyx mortierii,Tribonyx mortierii,9509
Anthochaera paradoxa,Anthochaera paradoxa,9474
Myiagra inquieta,Myiagra inquieta,9460
Malacorhynchus membranaceus,Malacorhynchus membranaceus,9446
Gelochelidon nilotica,Gelochelidon nilotica,9404
Numenius madagascariensis,Eastern Curlew,9373
Epthianura albifrons,Epthianura albifrons,9281
Irediparra gallinacea,Irediparra gallinacea,9226
Aprosmictus erythropterus,Aprosmictus erythropterus,9204
Nesoptilotis flavicollis,Nesoptilotis flavicollis,9199
Calidris acuminata,Calidris acuminata,9145
Chlamydera nuchalis,Chlamydera nuchalis,9109
Cincloramphus mathewsi,Cincloramphus mathewsi,8977
Falco longipennis,Falco longipennis,8968
Sericornis magnirostra,Sericornis magnirostra,8906
Oriolus flavocinctus,Oriolus flavocinctus,8898
Philemon buceroides,Philemon buceroides,8837
Dendrocygna eytoni,Dendrocygna eytoni,8794
Lonchura castaneothorax,Lonchura castaneothorax,8730
Malurus splendens,Malurus splendens,8669
Stomiopera unicolor,Stomiopera unicolor,8605
Plectorhyncha lanceolata,Plectorhyncha lanceolata,8555
Symposiachrus trivirgatus,Symposiachrus trivirgatus,8458
Menura novaehollandiae,Menura novaehollandiae,8209
Callocephalon fimbriatum,Callocephalon fimbriatum,8201
Numenius phaeopus,Numenius phaeopus,8059
Alauda arvensis,Alauda arvensis,7991
Columba leucomela,Columba leucomela,7961
Edolisoma tenuirostre,Edolisoma tenuirostre,7844
Lalage tricolor,Lalage tricolor,7699
Petroica goodenovii,Petroica goodenovii,7641
Dacelo leachii,Dacelo leachii,7600
Antigone rubicunda,Antigone rubicunda,7537
Butorides striata,Butorides striata,7495
Monarcha melanopsis,Monarcha melanopsis,7494
Ceyx azureus,Ceyx azureus,7492
Porzana fluminea,Porzana fluminea,7486
Acanthiza apicalis,Acanthiza apicalis,7419
Chalcites basalis,Chalcites basalis,7397
Chlidonias hybrida,Chlidonias hybrida,7390
Malurus assimilis,Malurus assimilis,7332
Trichoglossus rubritorquis,Trichoglossus rubritorquis,7274
Nymphicus hollandicus,Nymphicus hollandicus,7257
Petroica phoenicea,Petroica phoenicea,7216
Artamus cinereus,Artamus cinereus,7020
Myzomela obscura,Myzomela obscura,6870
Ninox boobook,Ninox boobook,6771
Daphoenositta chrysoptera,Daphoenositta chrysoptera,6719
Accipiter cirrocephalus,Accipiter cirrocephalus,6628
Ailuroedus crassirostris,Ailuroedus crassirostris,6468
Lopholaimus antarcticus,Lopholaimus antarcticus,6374
Malurus leucopterus,Malurus leucopterus,6283
Cereopsis novaehollandiae,Cereopsis novaehollandiae,6266
Pycnonotus jocosus,Pycnonotus jocosus,6246
Oxyura australis,Oxyura australis,6144
Lichenostomus melanops,Lichenostomus melanops,6075
Melopsittacus undulatus,Melopsittacus undulatus,6070
Petroica rosea,Petroica rosea,6035
Egretta sacra,Egretta sacra,5922
Anas platyrhynchos,Anas platyrhynchos,5895
Ptilinopus regina,Ptilinopus regina,5841
Tringa nebularia,Tringa nebularia,5841
Oreoica gutturalis,Oreoica gutturalis,5827
Ptilotula fusca,Ptilotula fusca,5779
Falco peregrinus,Falco peregrinus,5767
Ptilinopus magnificus,Ptilinopus magnificus,5759
Stomiopera flava,Stomiopera flava,5653
Strepera fuliginosa,Strepera fuliginosa,5649
Melloria quoyi,Melloria quoyi,5615
Falcunculus frontatus,Falcunculus frontatus,5472
Acanthiza uropygialis,Acanthiza uropygialis,5446
Spilopelia senegalensis,Spilopelia senegalensis,5381
Phalacrocorax fuscescens,Phalacrocorax fuscescens,5378
Neosericornis citreogularis,Neosericornis citreogularis,5356
Meliphaga notata,Meliphaga notata,5355
Radjah radjah,Radjah radjah,5344
Ephippiorhynchus asiaticus,Ephippiorhynchus asiaticus,5297
Gallinago hardwickii,Gallinago hardwickii,5219
Sericornis humilis,Sericornis humilis,5101
Tribonyx ventralis,Tribonyx ventralis,5092
Ptilotula ornata,Ptilotula ornata,5046
Gerygone levigaster,Gerygone levigaster,4972
Zapornia tabuensis,Zapornia tabuensis,4891
Aegotheles cristatus,Aegotheles cristatus,4883
Dendrocygna arcuata,Dendrocygna arcuata,4853
Geopelia cuneata,Geopelia cuneata,4823
Pluvialis fulva,Pluvialis fulva,4810
Purpureicephalus spurius,Purpureicephalus spurius,4767
Tringa brevipes,Tringa brevipes,4697
Tregellasia capito,Tregellasia capito,4671
Chalcophaps longirostris,Chalcophaps longirostris,4651
Pandion cristatus,Pandion cristatus,4501
Hieraaetus morphnoides,Hieraaetus morphnoides,4376
Sternula albifrons,Sternula albifrons,4357
Zoothera lunulata,Zoothera lunulata,4327
Heteroscenes pallidus,Heteroscenes pallidus,4317
Hirundapus caudacutus,White-throated Needletail,4303
Aerodramus terraereginae,Aerodramus terraereginae,4271
Cincloramphus cruralis,Cincloramphus cruralis,4211
Actitis hypoleucos,Actitis hypoleucos,4203
Aplonis metallica,Aplonis metallica,4194
Neochmia phaeton,Neochmia phaeton,4103
Arenaria interpres,Arenaria interpres,4099
Acanthiza ewingii,Acanthiza ewingii,4019
Ardenna tenuirostris,Ardenna tenuirostris,3992
Melithreptus affinis,Melithreptus affinis,3970
Aviceda subcristata,Aviceda subcristata,3948
Chloris chloris,Chloris chloris,3927
Recurvirostra novaehollandiae,Recurvirostra novaehollandiae,3885
Melanodryas cucullata,Melanodryas cucullata,3849
Psephotellus varius,Psephotellus varius,3848
Northiella haematogaster,Northiella haematogaster,3799
Erythrogonys cinctus,Erythrogonys cinctus,3786
Phaps elegans,Phaps elegans,3782
Chalcites minutillus,Chalcites minutillus,3774
Zanda latirostris,Zanda latirostris,3756
Calidris ferruginea,Curlew Sandpiper,3738
Artamus personatus,Artamus personatus,3737
Thinornis cucullatus,Thinornis cucullatus,3698
Myiagra nana,Myiagra nana,3692
Coturnix pectoralis,Coturnix pectoralis,3648
Myiagra alecto,Myiagra alecto,3576
Calidris tenuirostris,Calidris tenuirostris,3524
Rhipidura rufiventris,Rhipidura rufiventris,3466
Artamus superciliosus,Artamus superciliosus,3463
Todiramphus pyrrhopygius,Todiramphus pyrrhopygius,3454
Pitta versicolor,Pitta versicolor,3446
Microeca flavigaster,Microeca flavigaster,3434
Thalassarche cauta,Thalassarche cauta,3434
Glossopsitta concinna,Glossopsitta concinna,3425
Pyrrholaemus sagittatus,Pyrrholaemus sagittatus,3369
Sericulus chrysocephalus,Sericulus chrysocephalus,3345
Petroica rodinogaster,Petroica rodinogaster,3319
Stagonopleura guttata,Stagonopleura guttata,3285
Orthonyx temminckii,Orthonyx temminckii,3264
Aphelocephala leucopsis,Aphelocephala leucopsis,3247
Ptiloris victoriae,Ptiloris victoriae,3242
Ramsayornis modestus,Ramsayornis modestus,3170
Circus assimilis,Circus assimilis,3138
Todiramphus chloris,Todiramphus chloris,3113
Polytelis swainsonii,Polytelis swainsonii,3106
Xanthotis macleayanus,Xanthotis macleayanus,3103
Calamanthus fuliginosus,Calamanthus fuliginosus,3092
Lophoictinia isura,Lophoictinia isura,3077
Ardenna pacifica,Ardenna pacifica,2999
Ailuroedus maculosus,Ailuroedus maculosus,2950
Conopophila albogularis,Conopophila albogularis,2902
Nettapus pulchellus,Nettapus pulchellus,2897
Plegadis falcinellus,Plegadis falcinellus,2862
Ardeotis australis,Ardeotis australis,2781
Pachycephala olivacea,Pachycephala olivacea,2761
Purnella albifrons,Purnella albifrons,2715
Acanthorhynchus superciliosus,Acanthorhynchus superciliosus,2661
Neophema chrysostoma,Neophema chrysostoma,2659
Heteromyias cinereifrons,Heteromyias cinereifrons,2656
Corvus bennetti,Corvus bennetti,2647
Melithreptus gularis,Melithreptus gularis,2633
Stipiturus malachurus,Stipiturus malachurus,2606
Platycercus icterotis,Platycercus icterotis,2528
Charadrius leschenaultii,Charadrius leschenaultii,2523
Malurus elegans,Malurus elegans,2522
Gliciphila melanops,Gliciphila melanops,2485
Sterna hirundo,Sterna hirundo,2473
Ninox strenua,Ninox strenua,2444
Gavicalis fasciogularis,Gavicalis fasciogularis,2437
Cyclopsitta diophthalma,Cyclopsitta diophthalma,2412
Vanellus tricolor,Vanellus tricolor,2382
Neophema elegans,Neophema elegans,2364
Sula leucogaster,Sula leucogaster,2344
Melithreptus chloropsis,Melithreptus chloropsis,2340
Anthochaera lunulata,Anthochaera lunulata,2295
Gerygone magnirostris,Gerygone magnirostris,2276
Conopophila rufogularis,Conopophila rufogularis,2267
Calyptorhynchus lathami,Calyptorhynchus lathami,2260
Esacus magnirostris,Esacus magnirostris,2240
Ptiloris paradiseus,Ptiloris paradiseus,2207
Gavicalis versicolor,Gavicalis versicolor,2163
Gerygone palpebrosa,Gerygone palpebrosa,2149
Pachycephala simplex,Pachycephala simplex,2124
Calidris canutus,Calidris canutus,2121
Lonchura punctulata,Lonchura punctulata,2083
Melanodryas vittata,Melanodryas vittata,2069
Myiagra cyanoleuca,Myiagra cyanoleuca,2052
Lathamus discolor,Swift Parrot,2029
Lophochroa leadbeateri,Lophochroa leadbeateri,2029
Stiltia isabella,Stiltia isabella,2025
Stagonopleura bella,Stagonopleura bella,2022
Ptilotula flavescens,Ptilotula flavescens,2015
Ptilinopus superbus,Ptilinopus superbus,2003
Sternula nereis,Sternula nereis,2002
Zapornia pusilla,Zapornia pusilla,2002
Lewinia pectoralis,Lewinia pectoralis,1989
Philemon argenticeps,Philemon argenticeps,1975
Thalassarche melanophris,Thalassarche melanophris,1971
Charadrius bicinctus,Charadrius bicinctus,1941
Xenus cinereus,Xenus cinereus,1921
Tyto javanica,Tyto javanica,1920
Thalasseus bengalensis,Thalasseus bengalensis,1916
Oceanites oceanicus,Oceanites oceanicus,1912
Chlamydera maculata,Chlamydera maculata,1891
Polytelis anthopeplus,Polytelis anthopeplus,1884
Machaerirhynchus flaviventer,Machaerirhynchus flaviventer,1868
Zosterops luteus,Zosterops luteus,1866
Egretta picata,Egretta picata,1852
Mirafra javanica,Mirafra javanica,1848
Limosa limosa,Limosa limosa,1823
Epthianura tricolor,Epthianura tricolor,1809
Ardenna carneipes,Ardenna carneipes,1798
Charadrius mongolus,Charadrius mongolus,1790
Cairina moschata,Cairina moschata,1777
Carterornis leucotis,Carterornis leucotis,1774
Elseyornis melanops,Elseyornis melanops,1767
Myzomela erythrocephala,Myzomela erythrocephala,1758
Poephila acuticauda,Poephila acuticauda,1713
Melithreptus validirostris,Melithreptus validirostris,1698
Climacteris erythrops,Climacteris erythrops,1696
Onychoprion anaethetus,Onychoprion anaethetus,1687
Turnix varius,Turnix varius,1633
Climacteris rufus,Climacteris rufus,1609
Tringa stagnatilis,Tringa stagnatilis,1557
Pluvialis squatarola,Pluvialis squatarola,1554
Colluricincla megarhyncha,Colluricincla megarhyncha,1525
Psitteuteles versicolor,Psitteuteles versicolor,1525
Neophema pulchella,Neophema pulchella,1519
Geophaps plumifera,Geophaps plumifera,1504
Artamus minor,Artamus minor,1500
Falco subniger,Falco subniger,1491
Bolemoreus frenatus,Bolemoreus frenatus,1490
Puffinus huttoni,Puffinus huttoni,1489
Stictonetta naevosa,Stictonetta naevosa,1480
Tringa glareola,Tringa glareola,1474
Cheramoeca leucosterna,Cheramoeca leucosterna,1451
Cladorhynchus leucocephalus,Cladorhynchus leucocephalus,1448
Stagonopleura oculata,Stagonopleura oculata,1403
Amaurornis moluccana,Amaurornis moluccana,1391
Drymodes brunneopygia,Drymodes brunneopygia,1385
Eudyptula minor,Eudyptula minor,1377
Ninox connivens,Ninox connivens,1376
Zoothera heinei,Zoothera heinei,1365
Thalassarche carteri,Thalassarche carteri,1347
Bubulcus ibis,Bubulcus ibis,1335
Poephila personata,Poephila personata,1315
Dasyornis broadbenti,Dasyornis broadbenti,1312
Pachycephala inornata,Pachycephala inornata,1284
Calidris alba,Calidris alba,1283
Colluricincla boweri,Colluricincla boweri,1257
Ptilotula keartlandi,Ptilotula keartlandi,1230
Numida meleagris,Numida meleagris,1220
Chlidonias leucopterus,Chlidonias leucopterus,1210
Hamirostra melanosternon,Hamirostra melanosternon,1170
Pelagodroma marina,Pelagodroma marina,1161
Coracina lineata,Coracina lineata,1158
Pyrrholaemus brunneus,Pyrrholaemus brunneus,1155
Casuarius casuarius,Casuarius casuarius,1137
Certhionyx variegatus,Certhionyx variegatus,1122
Pomatostomus ruficeps,Pomatostomus ruficeps,1119
Diomedea antipodensis,Diomedea antipodensis,1111
Menura alberti,Menura alberti,1111
Geophaps scripta,Geophaps scripta,1108
Myiagra ruficollis,Myiagra ruficollis,1099
Pavo cristatus,Pavo cristatus,1098
Ramsayornis fasciatus,Ramsayornis fasciatus,1097
Tanysiptera sylvia,Tanysiptera sylvia,1089
Malurus amabilis,Malurus amabilis,1088
Pterodroma macroptera,Pterodroma macroptera,1080
Eopsaltria griseogularis,Eopsaltria griseogularis,1072
Psophodes cristatus,Psophodes cristatus,1051
Podargus papuensis,Podargus papuensis,1046
Acanthiza inornata,Acanthiza inornata,1028
Apus pacificus,Apus pacificus,1023
Thalassarche bulleri,Thalassarche bulleri,1020
Cinclosoma punctatum,Cinclosoma punctatum,1018
Hylacola cauta,Hylacola cauta,993
Scenopoeetes dentirostris,Scenopoeetes dentirostris,973
Pardalotus rubricatus,Pardalotus rubricatus,967
Gerygone chloronota,Gerygone chloronota,950
Nettapus coromandelianus,Nettapus coromandelianus,939
Pterodroma gouldi,Pterodroma gouldi,938
Pterodroma solandri,Pterodroma solandri,938
Lichenostomus cratitius,Lichenostomus cratitius,936
Epthianura aurifrons,Epthianura aurifrons,931
Arses kaupi,Arses kaupi,925
Onychoprion fuscatus,Onychoprion fuscatus,904
Ardenna grisea,Ardenna grisea,891
Zanda baudinii,Zanda baudinii,889
Rhipidura dryas,Rhipidura dryas,882
Fregata ariel,Fregata ariel,879
Ceyx pusillus,Ceyx pusillus,878
Pycnoptilus floccosus,Pycnoptilus floccosus,874
Hylacola pyrrhopygia,Hylacola pyrrhopygia,862
Malurus pulcherrimus,Malurus pulcherrimus,856
Parvipsitta porphyrocephala,Parvipsitta porphyrocephala,838
Acanthornis magna,Acanthornis magna,835
Sugomel niger,Sugomel niger,827
Nectarinia jugularis,Nectarinia jugularis,816
Anous stolidus,Anous stolidus,811
Orthonyx spaldingii,Orthonyx spaldingii,807
Chlamydera guttata,Chlamydera guttata,804
Cinclosoma castanotum,Cinclosoma castanotum,791
Peneothello pulverulenta,Peneothello pulverulenta,790
Turnix velox,Turnix velox,786
Meliphaga gracilis,Meliphaga gracilis,774
Macronectes halli,Macronectes halli,768
Antigone antigone,Antigone antigone,764
Calamanthus campestris,Calamanthus campestris,757
Origma solitaria,Origma solitaria,756
Eurostopodus mystacalis,Eurostopodus mystacalis,752
Puffinus gavia,Puffinus gavia,750
Eurostopodus argus,Eurostopodus argus,735
Cacatua pastinator,Cacatua pastinator,719
Pardalotus quadragintus,Forty-spotted Pardalote,719
Neopsephotus bourkii,Neopsephotus bourkii,717
Cissomela pectoralis,Cissomela pectoralis,715
Ptilotula plumula,Ptilotula plumula,712
Stercorarius parasiticus,Stercorarius parasiticus,706
Psophodes occidentalis,Psophodes occidentalis,695
Acanthiza katherina,Acanthiza katherina,688
Thalassarche impavida,Thalassarche impavida,688
Pachyptila turtur,Pachyptila turtur,674
Leipoa ocellata,Leipoa ocellata,669
Ninox leucopsis,Ninox leucopsis,653
Emblema pictum,Emblema pictum,645
Rhipidura phasiana,Rhipidura phasiana,645
Ardea sumatrana,Ardea sumatrana,641
Caprimulgus macrurus,Caprimulgus macrurus,633
Anthochaera phrygia,Regent Honeyeater,624
Phaps histrionica,Phaps histrionica,619
Sericornis keri,Sericornis keri,614
Tyto tenebricosa,Tyto tenebricosa,608
Botaurus poiciloptilus,Botaurus poiciloptilus,605
Climacteris melanurus,Climacteris melanurus,600
Grantiella picta,Grantiella picta,599
Chloebia gouldiae,Chloebia gouldiae,592
Dasyornis brachypterus,Dasyornis brachypterus,590
Pitta iris,Pitta iris,590
Cracticus argenteus,Cracticus argenteus,582
Calidris melanotos,Calidris melanotos,581
Platycercus venustus,Platycercus venustus,581
Passer montanus,Passer montanus,578
Poodytes carteri,Poodytes carteri,575
Chalcites osculans,Chalcites osculans,574
Poecilodryas superciliosa,Poecilodryas superciliosa,569
Calidris subminuta,Calidris subminuta,565
Neophema petrophila,Neophema petrophila,520
Climacteris affinis,Climacteris affinis,519
Psephotellus dissimilis,Psephotellus dissimilis,512
Amytornis striatus,Amytornis striatus,506
Procellaria aequinoctialis,Procellaria aequinoctialis,502
Daption capense,Daption capense,500
Eclectus roratus,Eclectus roratus,497
Anous minutus,Anous minutus,487
Fregata minor,Fregata minor,481
Pelecanoides urinatrix,Pelecanoides urinatrix,480
Pachycephala melanura,Pachycephala melanura,475
Parvipsitta pusilla,Parvipsitta pusilla,474
Sterna striata,Sterna striata,469
Pezoporus wallicus,Pezoporus wallicus,463
Pseudobulweria rostrata,Pseudobulweria rostrata,452
Stercorarius pomarinus,Stercorarius pomarinus,448
Tyto novaehollandiae,Tyto novaehollandiae,445
Ptiloris magnificus,Ptiloris magnificus,442
Sterna sumatrana,Sterna sumatrana,420
Calonectris leucomelas,Calonectris leucomelas,419
Coracina maxima,Coracina maxima,415
Prionodura newtoniana,Prionodura newtoniana,412
Psophodes nigrogularis,Psophodes nigrogularis,412
Petrophassa albipennis,Petrophassa albipennis,410
Ninox rufa,Ninox rufa,402
Cinclosoma cinnamomeum,Cinclosoma cinnamomeum,398
Pachycephala lanioides,Pachycephala lanioides,396
Numenius minutus,Numenius minutus,388
Sterna dougallii,Sterna dougallii,385
Pterodroma lessonii,Pterodroma lessonii,384
Garrodia nereis,Garrodia nereis,381
Colluricincla woodwardi,Colluricincla woodwardi,367
Stercorarius antarcticus,Stercorarius antarcticus,363
Xanthotis flaviventer,Xanthotis flaviventer,358
Dasyornis longirostris,Dasyornis longirostris,355
Calidris fuscicollis,Calidris fuscicollis,342
Probosciger aterrimus,Probosciger aterrimus,340
Calidris falcinellus,Calidris falcinellus,339
Poecilodryas cerviniventris,Poecilodryas cerviniventris,338
Dendrocygna guttata,Dendrocygna guttata,335
Anser anser,Anser anser,332
Atrichornis clamosus,Atrichornis clamosus,332
Eulabeornis castaneoventris,Eulabeornis castaneoventris,325
Motacilla tschutschensis,Motacilla tschutschensis,323
Gerygone tenebrosa,Gerygone tenebrosa,322
Accipiter novaehollandiae,Accipiter novaehollandiae,319
Diomedea exulans,Diomedea exulans,308
Rallina tricolor,Rallina tricolor,302
Ardenna bulleri,Ardenna bulleri,301
Gallus gallus,Gallus gallus,295
Syma torotoro,Syma torotoro,293
Stipiturus mallee,Stipiturus mallee,292
Quoyornis georgiana,Quoyornis georgiana,288
Pomatostomus halli,Pomatostomus halli,286
Arses lorealis,Arses lorealis,284
Ixobrychus dubius,Ixobrychus dubius,281
Peltohyas australis,Peltohyas australis,281
Macronectes giganteus,Macronectes giganteus,280
Tringa incana,Tringa incana,278
Geoffroyus geoffroyi,Geoffroyus geoffroyi,277
Sericornis beccarii,Sericornis beccarii,272
Heteromunia pectoralis,Heteromunia pectoralis,267
Anas superciliosa X platyrhynchos,Anas superciliosa X platyrhynchos,266
Fregetta tropica,Fregetta tropica,265
Malurus coronatus,Malurus coronatus,265
Sula sula,Sula sula,265
Limosa haemastica,Limosa haemastica,263
Diomedea epomophora,Diomedea epomophora,262
Synoicus chinensis,Synoicus chinensis,260
Falco hypoleucos,Falco hypoleucos,259
Ashbyia lovensis,Ashbyia lovensis,256
Turnix maculosus,Turnix maculosus,252
Acanthiza iredalei,Acanthiza iredalei,247
Diomedea sanfordi,Diomedea sanfordi,246
Epthianura crocea,Epthianura crocea,246
Amytornis textilis,Amytornis textilis,244
Acanthiza robustirostris,Acanthiza robustirostris,243
Ailuroedus melanotis,Ailuroedus melanotis,242
Geophaps smithii,Geophaps smithii,241
Tringa guttifer,Tringa guttifer,239
Podargus ocellatus,Podargus ocellatus,238
Pluvialis dominica,Pluvialis dominica,235
Atrichornis rufescens,Atrichornis rufescens,230
Cracticus mentalis,Cracticus mentalis,230
Tregellasia leucops,Tregellasia leucops,229
Cuculus optatus,Cuculus optatus,220
Phonygammus keraudrenii,Phonygammus keraudrenii,214
Petrophassa rufipennis,Petrophassa rufipennis,213
Glareola maldivarum,Glareola maldivarum,211
Cinclosoma castaneothorax,Cinclosoma castaneothorax,210
Poephila cincta,Poephila cincta,206
Turnix pyrrhothorax,Turnix pyrrhothorax,203
Aphelocephala nigricincta,Aphelocephala nigricincta,201
Limnodromus semipalmatus,Limnodromus semipalmatus,200
Chlamydera cerviniventris,Chlamydera cerviniventris,199
Rostratula australis,Rostratula australis,194
Stipiturus ruficeps,Stipiturus ruficeps,191
Charadrius veredus,Charadrius veredus,185
Cisticola juncidis,Cisticola juncidis,184
Sula dactylatra,Sula dactylatra,183
Amytornis dorotheae,Amytornis dorotheae,182
Pterodroma neglecta,Pterodroma neglecta,181
Turdus philomelos,Turdus philomelos,181
Drymodes superciliaris,Drymodes superciliaris,178
Pterodroma leucoptera,Pterodroma leucoptera,177
Cygnus olor,Cygnus olor,174
Oreoscopus gutturalis,Oreoscopus gutturalis,168
Meliphaga albilineata,Meliphaga albilineata,166
Pterodroma mollis,Pterodroma mollis,166
Bolemoreus hindwoodi,Bolemoreus hindwoodi,165
Phaethon rubricauda,Phaethon rubricauda,165
Amytornis purnelli,Amytornis purnelli,164
Lonchura flaviprymna,Lonchura flaviprymna,162
Elanus scriptus,Elanus scriptus,159
Turnix melanogaster,Turnix melanogaster,159
Cinclosoma clarum,Cinclosoma clarum,158
Fulmarus glacialoides,Fulmarus glacialoides,153
Cacomantis castaneiventris,Cacomantis castaneiventris,146
Calamanthus montanellus,Calamanthus montanellus,146
Trichodere cockerelli,Trichodere cockerelli,143
Pachycephala rufogularis,Pachycephala rufogularis,140
Ptilinopus alligator,Ptilinopus alligator,138
Tyto longimembris,Tyto longimembris,136
Tyto multipunctata,Tyto multipunctata,135
Amytornis goyderi,Amytornis goyderi,132
Stercorarius longicaudus,Stercorarius longicaudus,128
Amytornis ballarae,Amytornis ballarae,127
Hirundo rustica,Hirundo rustica,127
Psophodes leucogaster,Psophodes leucogaster,127
Cinclosoma marginatum,Cinclosoma marginatum,124
Pterodroma cookii,Pterodroma cookii,124
Psittacula krameri,Psittacula krameri,123
Psephotellus chrysopterygius,Psephotellus chrysopterygius,121
Pitta erythrogaster,Pitta erythrogaster,118
Phoebetria palpebrata,Phoebetria palpebrata,112
Procellaria westlandica,Procellaria westlandica,110
Glycichaera fallax,Glycichaera fallax,107
Puffinus assimilis,Puffinus assimilis,106
Cinclosoma alisteri,Cinclosoma alisteri,103
Halobaena caerulea,Halobaena caerulea,99
Meleagris gallopavo,Meleagris gallopavo,94
Aphelocephala pectoralis,Aphelocephala pectoralis,93
Erythrotriorchis radiatus,Erythrotriorchis radiatus,92
Monarcha frater,Monarcha frater,92
Tringa totanus,Tringa totanus,91
Erythrura trichroa,Erythrura trichroa,90
Calidris minuta,Calidris minuta,88
Amytornis modestus,Amytornis modestus,87
Streptopelia roseogrisea,Streptopelia roseogrisea,86
Amytornis rowleyi,Amytornis rowleyi,85
Turnix castanotus,Turnix castanotus,84
Procellaria cinerea,Procellaria cinerea,83
Phoebetria fusca,Phoebetria fusca,82
Microeca griseoceps,Microeca griseoceps,81
Phaethon lepturus,Phaethon lepturus,79
Meliphaga fordiana,Meliphaga fordiana,76
Struthio camelus,Struthio camelus,74
Spatula clypeata,Spatula clypeata,72
Gallinago megala,Gallinago megala,71
Pachyptila desolata,Pachyptila desolata,70
Zosterops citrinella,Zosterops citrinella,68
Phasianus colchicus,Phasianus colchicus,66
Aidemosyne modesta,Aidemosyne modesta,64
Amytornis merrotsyi,Amytornis merrotsyi,61
Northiella narethae,Northiella narethae,60
Thalassarche chrysostoma,Thalassarche chrysostoma,59
Procellaria parkinsoni,Procellaria parkinsoni,58
Amaurornis cinerea,Amaurornis cinerea,57
Conopophila whitei,Conopophila whitei,56
Pterodroma inexpectata,Pterodroma inexpectata,56
Amytornis whitei,Amytornis whitei,55
Leucophaeus atricilla,Leucophaeus atricilla,55
Manorina melanotis,Manorina melanotis,54
Charadrius semipalmatus,Charadrius semipalmatus,53
Thalassarche steadi,Thalassarche steadi,52
Amytornis barbatus,Amytornis barbatus,47
Charadrius hiaticula,Charadrius hiaticula,45
Thalassarche salvini,Thalassarche salvini,43
Pachyptila belcheri,Pachyptila belcheri,40
Amytornis housei,Amytornis housei,39
Leucophaeus pipixcan,Leucophaeus pipixcan,39
Bulweria bulwerii,Bulweria bulwerii,37
Neochmia ruficauda,Neochmia ruficauda,35
Haematopus finschi,Haematopus finschi,33
Ixobrychus flavicollis,Ixobrychus flavicollis,33
Pedionomus torquatus,Pedionomus torquatus,31
Stercorarius maccormicki,Stercorarius maccormicki,30
Neophema chrysogaster,Orange-bellied Parrot,29
Anous tenuirostris,Anous tenuirostris,27
Pterodroma cervicalis,Pterodroma cervicalis,26
Hydrobates monorhis,Hydrobates monorhis,22
Sterna paradisaea,Sterna paradisaea,22
Polytelis alexandrae,Polytelis alexandrae,20
Anous albivitta,Anous albivitta,19
Gygis alba,Gygis alba,18
Neophema splendida,Neophema splendida,18
Pterodroma nigripennis,Pterodroma nigripennis,18
Hydrobates matsudairae,Hydrobates matsudairae,15
Psittacula eupatria,Psittacula eupatria,15
Pterodroma heraldica,Pterodroma heraldica,14
Arses telescopthalmus,Arses telescopthalmus,13
Larus crassirostris,Larus crassirostris,12
Thalassarche eremita,Thalassarche eremita,9
Ardenna gravis,Ardenna gravis,8
Eudyptes chrysolophus,Eudyptes chrysolophus,8
Sterna vittata,Sterna vittata,7
Alectoris chukar,Alectoris chukar,6
Calidris pugnax,Calidris pugnax,6
Eudyptes pachyrhynchus,Eudyptes pachyrhynchus,6
Motacilla alba,Motacilla alba,6
Numenius arquata,Numenius arquata,6
Callipepla californica,Callipepla californica,5
Cecropis daurica,Cecropis daurica,5
Charadrius dubius,Charadrius dubius,4
Papasula abbotti,Papasula abbotti,4
Agapornis roseicollis,Agapornis roseicollis,3
Phylloscopus borealis,Phylloscopus borealis,3
Amytornis woodwardi,Amytornis woodwardi,2
Cyanoramphus novaezelandiae,Cyanoramphus novaezelandiae,2
Fregetta grallaria,Fregetta grallaria,2
Phalaropus lobatus,Phalaropus lobatus,2
Aptenodytes patagonicus,Aptenodytes patagonicus,1
Monarcha cinerascens,Monarcha cinerascens,1
Motacilla cinerea,Motacilla cinerea,1
Motacilla citreola,Motacilla citreola,1
Myiopsitta monachus,Myiopsitta monachus,1
