scientific,name,status,states,infraspecies,profile
Acanthiza iredalei rosinae,Slender-billed Thornbill (Gulf St Vincent),Vulnerable,"[""SA""]",rosinae,http://www.environment.gov.au/cgi-bin/sprat/public/publicspecies.pl?taxon_id=67080
Acanthiza lineata whitei,Kangaroo Island Striated Thornbill,Vulnerable,"[""SA""]",whitei,http://www.environment.gov.au/cgi-bin/sprat/public/publicspecies.pl?taxon_id=80759
Acanthiza pusilla magnirostris,"King Island Brown Thornbill, Brown Thornbill (King Island)",Endangered,"[""TAS""]",magnirostris,http://www.environment.gov.au/cgi-bin/sprat/public/publicspecies.pl?taxon_id=91709
Acanthornis magna greeniana,"King Island Scrubtit, Scrubtit (King Island)",Critically Endangered,"[""TAS""]",greeniana,http://www.environment.gov.au/cgi-bin/sprat/public/publicspecies.pl?taxon_id=82329
Amytornis barbatus barbatus,"Bulloo Grey Grasswren, Grey Grasswren (Bulloo)",Endangered,"[""SA"", ""QLD"", ""NSW""]",barbatus,http://www.environment.gov.au/cgi-bin/sprat/public/publicspecies.pl?taxon_id=67065
Amytornis dorotheae,Carpentarian Grasswren,Endangered,"[""NT"", ""QLD""]",-,http://www.environment.gov.au/cgi-bin/sprat/public/publicspecies.pl?taxon_id=558
Amytornis merrotsyi merrotsyi,Short-tailed Grasswren (Flinders Ranges),Vulnerable,"[""SA""]",merrotsyi,http://www.environment.gov.au/cgi-bin/sprat/public/publicspecies.pl?taxon_id=86269
Amytornis merrotsyi pedleri,"Gawler Ranges Short-tailed Grasswren, Short-tailed Grasswren (Gawler Ranges)",Endangered,"[""SA""]",pedleri,http://www.environment.gov.au/cgi-bin/sprat/public/publicspecies.pl?taxon_id=86270
Amytornis modestus,Thick-billed Grasswren,Vulnerable,"[""NT"", ""SA"", ""NSW""]",-,http://www.environment.gov.au/cgi-bin/sprat/public/publicspecies.pl?taxon_id=84121
Amytornis modestus obscurior,"Grey Range Thick-billed Grasswren, Thick-billed Grasswren (north-west NSW)",Critically Endangered,"[""NSW""]",obscurior,http://www.environment.gov.au/cgi-bin/sprat/public/publicspecies.pl?taxon_id=86183
Amytornis striatus howei,"Murray Mallee Striated Grasswren, Striated Grasswren (sandplain)",Endangered,"[""SA"", ""NSW"", ""VIC""]",howei,http://www.environment.gov.au/cgi-bin/sprat/public/publicspecies.pl?taxon_id=91648
Amytornis striatus striatus,"Mukarrthippi Grasswren, Striated Grasswren (sandplain)",Critically Endangered,"[""NSW""]",striatus,http://www.environment.gov.au/cgi-bin/sprat/public/publicspecies.pl?taxon_id=26001
Amytornis textilis myall,Western Grasswren (Gawler Ranges),Vulnerable,"[""SA""]",myall,http://www.environment.gov.au/cgi-bin/sprat/public/publicspecies.pl?taxon_id=64454
Amytornis woodwardi,"White-throated Grasswren, Yirlinkirrkirr",Vulnerable,"[""NT""]",-,http://www.environment.gov.au/cgi-bin/sprat/public/publicspecies.pl?taxon_id=564
Anous tenuirostris melanops,Australian Lesser Noddy,Vulnerable,"[""WA""]",melanops,http://www.environment.gov.au/cgi-bin/sprat/public/publicspecies.pl?taxon_id=26000
Anthochaera chrysoptera halmaturina,Kangaroo Island Little Wattlebird,Vulnerable,"[""SA""]",halmaturina,http://www.environment.gov.au/cgi-bin/sprat/public/publicspecies.pl?taxon_id=80437
Anthochaera phrygia,Regent Honeyeater,Critically Endangered,"[""SA"", ""QLD"", ""NSW"", ""VIC"", ""ACT""]",-,http://www.environment.gov.au/cgi-bin/sprat/public/publicspecies.pl?taxon_id=82338
Aphelocephala leucopsis,Southern Whiteface,Vulnerable,"[""WA"", ""NT"", ""SA"", ""QLD"", ""NSW"", ""VIC"", ""ACT""]",-,http://www.environment.gov.au/cgi-bin/sprat/public/publicspecies.pl?taxon_id=529
Aquila audax fleayi,"Tasmanian Wedge-tailed Eagle, Wedge-tailed Eagle (Tasmanian)",Endangered,"[""TAS""]",fleayi,http://www.environment.gov.au/cgi-bin/sprat/public/publicspecies.pl?taxon_id=64435
Ardenna grisea,Sooty Shearwater,Vulnerable,"[""WA"", ""SA"", ""QLD"", ""NSW"", ""VIC"", ""TAS""]",-,http://www.environment.gov.au/cgi-bin/sprat/public/publicspecies.pl?taxon_id=82651
Arenaria interpres,Ruddy Turnstone,Vulnerable,"[""WA"", ""NT"", ""SA"", ""QLD"", ""NSW"", ""VIC"", ""TAS""]",-,http://www.environment.gov.au/cgi-bin/sprat/public/publicspecies.pl?taxon_id=872
Atrichornis clamosus,"Noisy Scrub-bird, Tjimiluk",Endangered,"[""WA""]",-,http://www.environment.gov.au/cgi-bin/sprat/public/publicspecies.pl?taxon_id=654
Atrichornis rufescens,Rufous Scrub-bird,Endangered,"[""QLD"", ""NSW""]",-,http://www.environment.gov.au/cgi-bin/sprat/public/publicspecies.pl?taxon_id=655
Botaurus poiciloptilus,Australasian Bittern,Endangered,"[""WA"", ""SA"", ""QLD"", ""NSW"", ""VIC"", ""TAS"", ""ACT""]",-,http://www.environment.gov.au/cgi-bin/sprat/public/publicspecies.pl?taxon_id=1001
Calamanthus pyrrhopygius parkeri,Chestnut-rumped Heathwren (Mt Lofty Ranges),Endangered,"[""SA""]",parkeri,http://www.environment.gov.au/cgi-bin/sprat/public/publicspecies.pl?taxon_id=80826
Calidris acuminata,Sharp-tailed Sandpiper,Vulnerable,"[""WA"", ""NT"", ""SA"", ""QLD"", ""NSW"", ""VIC"", ""TAS"", ""ACT""]",-,http://www.environment.gov.au/cgi-bin/sprat/public/publicspecies.pl?taxon_id=874
Calidris canutus,"Red Knot, Knot",Vulnerable,"[""WA"", ""NT"", ""SA"", ""QLD"", ""NSW"", ""VIC"", ""TAS""]",-,http://www.environment.gov.au/cgi-bin/sprat/public/publicspecies.pl?taxon_id=855
Calidris ferruginea,Curlew Sandpiper,Critically Endangered,"[""WA"", ""NT"", ""SA"", ""QLD"", ""NSW"", ""VIC"", ""TAS"", ""ACT""]",-,http://www.environment.gov.au/cgi-bin/sprat/public/publicspecies.pl?taxon_id=856
Calidris tenuirostris,Great Knot,Vulnerable,"[""WA"", ""NT"", ""SA"", ""QLD"", ""NSW"", ""VIC"", ""TAS""]",-,http://www.environment.gov.au/cgi-bin/sprat/public/publicspecies.pl?taxon_id=862
Callocephalon fimbriatum,Gang-gang Cockatoo,Endangered,"[""SA"", ""NSW"", ""VIC"", ""TAS"", ""ACT""]",-,http://www.environment.gov.au/cgi-bin/sprat/public/publicspecies.pl?taxon_id=768
Calyptorhynchus banksii graptogyne,South-eastern Red-tailed Black-Cockatoo,Endangered,"[""SA"", ""VIC""]",graptogyne,http://www.environment.gov.au/cgi-bin/sprat/public/publicspecies.pl?taxon_id=25982
Calyptorhynchus banksii naso,"Forest Red-tailed Black-Cockatoo, Karrak",Vulnerable,"[""WA""]",naso,http://www.environment.gov.au/cgi-bin/sprat/public/publicspecies.pl?taxon_id=67034
Calyptorhynchus baudinii,"Baudin's Cockatoo, Long-billed Black-Cockatoo",Endangered,"[""WA""]",-,http://www.environment.gov.au/cgi-bin/sprat/public/publicspecies.pl?taxon_id=769
Calyptorhynchus lathami halmaturinus,"Kangaroo Island Glossy Black-Cockatoo, Glossy Black-Cockatoo (South Australian)",Endangered,"[""SA""]",halmaturinus,http://www.environment.gov.au/cgi-bin/sprat/public/publicspecies.pl?taxon_id=64436
Calyptorhynchus lathami lathami,South-eastern Glossy Black-Cockatoo,Vulnerable,"[""QLD"", ""NSW"", ""VIC"", ""ACT""]",lathami,http://www.environment.gov.au/cgi-bin/sprat/public/publicspecies.pl?taxon_id=67036
Calyptorhynchus latirostris,"Carnaby's Cockatoo,  Short-billed Black-Cockatoo",Endangered,"[""WA""]",-,http://www.environment.gov.au/cgi-bin/sprat/public/publicspecies.pl?taxon_id=59523
Casuarius casuarius johnsonii,"Southern Cassowary, Australian Cassowary, Double-wattled Cassowary",Endangered,"[""QLD""]",johnsonii,http://www.environment.gov.au/cgi-bin/sprat/public/publicspecies.pl?taxon_id=25986
Cereopsis novaehollandiae grisea,"Cape Barren Goose (south-western), Recherche Cape Barren Goose",Vulnerable,"[""WA""]",grisea,http://www.environment.gov.au/cgi-bin/sprat/public/publicspecies.pl?taxon_id=25978
Ceyx azureus diemenensis,Tasmanian Azure Kingfisher,Endangered,"[""TAS""]",diemenensis,http://www.environment.gov.au/cgi-bin/sprat/public/publicspecies.pl?taxon_id=25977
Charadrius leschenaultii,"Greater Sand Plover, Large Sand Plover",Vulnerable,"[""WA"", ""NT"", ""SA"", ""QLD"", ""NSW"", ""VIC"", ""TAS""]",-,http://www.environment.gov.au/cgi-bin/sprat/public/publicspecies.pl?taxon_id=877
Charadrius mongolus,"Lesser Sand Plover, Mongolian Plover",Endangered,"[""WA"", ""NT"", ""SA"", ""QLD"", ""NSW"", ""VIC"", ""TAS""]",-,http://www.environment.gov.au/cgi-bin/sprat/public/publicspecies.pl?taxon_id=879
Cinclosoma punctatum anachoreta,"Mt Lofty Ranges Spotted Quail-thrush, Spotted Quail-thrush (Mt Lofty Ranges)",Critically Endangered,"[""SA""]",anachoreta,http://www.environment.gov.au/cgi-bin/sprat/public/publicspecies.pl?taxon_id=67099
Climacteris picumnus victoriae,Brown Treecreeper (south-eastern),Vulnerable,"[""QLD"", ""NSW"", ""VIC"", ""ACT""]",victoriae,http://www.environment.gov.au/cgi-bin/sprat/public/publicspecies.pl?taxon_id=67062
Cyclopsitta diophthalma coxeni,Coxen's Fig-Parrot,Critically Endangered,"[""QLD"", ""NSW""]",coxeni,http://www.environment.gov.au/cgi-bin/sprat/public/publicspecies.pl?taxon_id=59714
Dasyornis brachypterus,Eastern Bristlebird,Endangered,"[""QLD"", ""NSW"", ""VIC""]",-,http://www.environment.gov.au/cgi-bin/sprat/public/publicspecies.pl?taxon_id=533
Dasyornis longirostris,Western Bristlebird,Endangered,"[""WA""]",-,http://www.environment.gov.au/cgi-bin/sprat/public/publicspecies.pl?taxon_id=515
Diomedea amsterdamensis,Amsterdam Albatross,Endangered,"[""WA""]",-,http://www.environment.gov.au/cgi-bin/sprat/public/publicspecies.pl?taxon_id=64405
Diomedea antipodensis,Antipodean Albatross,Vulnerable,"[""WA"", ""SA"", ""QLD"", ""NSW"", ""VIC"", ""TAS""]",-,http://www.environment.gov.au/cgi-bin/sprat/public/publicspecies.pl?taxon_id=64458
Diomedea antipodensis gibsoni,Gibson's Albatross,Vulnerable,"[""QLD"", ""NSW"", ""VIC"", ""TAS""]",gibsoni,http://www.environment.gov.au/cgi-bin/sprat/public/publicspecies.pl?taxon_id=82270
Diomedea dabbenena,Tristan Albatross,Endangered,"[""WA"", ""SA""]",-,http://www.environment.gov.au/cgi-bin/sprat/public/publicspecies.pl?taxon_id=66471
Diomedea epomophora,Southern Royal Albatross,Vulnerable,"[""WA"", ""SA"", ""QLD"", ""NSW"", ""VIC"", ""TAS""]",-,http://www.environment.gov.au/cgi-bin/sprat/public/publicspecies.pl?taxon_id=89221
Diomedea exulans,Wandering Albatross,Vulnerable,"[""WA"", ""SA"", ""QLD"", ""NSW"", ""VIC"", ""TAS""]",-,http://www.environment.gov.au/cgi-bin/sprat/public/publicspecies.pl?taxon_id=89223
Diomedea sanfordi,Northern Royal Albatross,Endangered,"[""WA"", ""SA"", ""QLD"", ""NSW"", ""VIC"", ""TAS""]",-,http://www.environment.gov.au/cgi-bin/sprat/public/publicspecies.pl?taxon_id=64456
Epthianura crocea macgregori,"Capricorn Yellow Chat, Yellow Chat (Dawson)",Critically Endangered,"[""QLD""]",macgregori,http://www.environment.gov.au/cgi-bin/sprat/public/publicspecies.pl?taxon_id=67090
Epthianura crocea tunneyi,"Alligator Rivers Yellow Chat, Yellow Chat (Alligator Rivers)",Endangered,"[""NT""]",tunneyi,http://www.environment.gov.au/cgi-bin/sprat/public/publicspecies.pl?taxon_id=67089
Erythrotriorchis radiatus,Red Goshawk,Endangered,"[""WA"", ""NT"", ""QLD"", ""NSW""]",-,http://www.environment.gov.au/cgi-bin/sprat/public/publicspecies.pl?taxon_id=942
Erythrura gouldiae,Gouldian Finch,Endangered,"[""WA"", ""NT"", ""QLD""]",-,http://www.environment.gov.au/cgi-bin/sprat/public/publicspecies.pl?taxon_id=413
Falco hypoleucos,Grey Falcon,Vulnerable,"[""WA"", ""NT"", ""SA"", ""QLD"", ""NSW"", ""VIC"", ""ACT""]",-,http://www.environment.gov.au/cgi-bin/sprat/public/publicspecies.pl?taxon_id=929
Falcunculus frontatus whitei,"Crested Shrike-tit (northern), Northern Shrike-tit",Vulnerable,"[""WA"", ""NT""]",whitei,http://www.environment.gov.au/cgi-bin/sprat/public/publicspecies.pl?taxon_id=26013
Fregetta grallaria grallaria,"White-bellied Storm-Petrel (Tasman Sea), White-bellied Storm-Petrel (Australasian)",Vulnerable,"[""QLD"", ""NSW"", ""VIC"", ""TAS""]",grallaria,http://www.environment.gov.au/cgi-bin/sprat/public/publicspecies.pl?taxon_id=64438
Gallinago hardwickii,"Latham's Snipe, Japanese Snipe",Vulnerable,"[""SA"", ""QLD"", ""NSW"", ""VIC"", ""TAS"", ""ACT""]",-,http://www.environment.gov.au/cgi-bin/sprat/public/publicspecies.pl?taxon_id=863
Geophaps scripta scripta,Squatter Pigeon (southern),Vulnerable,"[""QLD"", ""NSW""]",scripta,http://www.environment.gov.au/cgi-bin/sprat/public/publicspecies.pl?taxon_id=64440
Geophaps smithii blaauwi,Partridge Pigeon (western),Vulnerable,"[""WA""]",blaauwi,http://www.environment.gov.au/cgi-bin/sprat/public/publicspecies.pl?taxon_id=66501
Geophaps smithii smithii,Partridge Pigeon (eastern),Vulnerable,"[""WA"", ""NT""]",smithii,http://www.environment.gov.au/cgi-bin/sprat/public/publicspecies.pl?taxon_id=64441
Grantiella picta,Painted Honeyeater,Vulnerable,"[""NT"", ""SA"", ""QLD"", ""NSW"", ""VIC"", ""ACT""]",-,http://www.environment.gov.au/cgi-bin/sprat/public/publicspecies.pl?taxon_id=470
Halobaena caerulea,Blue Petrel,Vulnerable,"[""WA"", ""SA"", ""QLD"", ""NSW"", ""VIC"", ""TAS""]",-,http://www.environment.gov.au/cgi-bin/sprat/public/publicspecies.pl?taxon_id=1059
Hirundapus caudacutus,White-throated Needletail,Vulnerable,"[""SA"", ""QLD"", ""NSW"", ""VIC"", ""TAS"", ""ACT""]",-,http://www.environment.gov.au/cgi-bin/sprat/public/publicspecies.pl?taxon_id=682
Hylacola cauta halmaturina,Shy Heathwren (Kangaroo Island),Vulnerable,"[""SA""]",halmaturina,http://www.environment.gov.au/cgi-bin/sprat/public/publicspecies.pl?taxon_id=82332
Hypotaenidia sylvestris,Lord Howe Woodhen,Endangered,"[""NSW""]",-,http://www.environment.gov.au/cgi-bin/sprat/public/publicspecies.pl?taxon_id=87732
Lathamus discolor,Swift Parrot,Critically Endangered,"[""SA"", ""QLD"", ""NSW"", ""VIC"", ""TAS"", ""ACT""]",-,http://www.environment.gov.au/cgi-bin/sprat/public/publicspecies.pl?taxon_id=744
Leipoa ocellata,Malleefowl,Vulnerable,"[""WA"", ""NT"", ""SA"", ""NSW"", ""VIC""]",-,http://www.environment.gov.au/cgi-bin/sprat/public/publicspecies.pl?taxon_id=934
Leucocarbo atriceps purpurascens,Imperial Shag (Macquarie Island),Vulnerable,"[""TAS""]",purpurascens,http://www.environment.gov.au/cgi-bin/sprat/public/publicspecies.pl?taxon_id=66995
Lichenostomus melanops cassidix,"Helmeted Honeyeater, Yellow-tufted Honeyeater (Helmeted)",Critically Endangered,"[""VIC""]",cassidix,http://www.environment.gov.au/cgi-bin/sprat/public/publicspecies.pl?taxon_id=26011
Limnodromus semipalmatus,Asian Dowitcher,Vulnerable,"[""WA"", ""NT"", ""QLD"", ""NSW""]",-,http://www.environment.gov.au/cgi-bin/sprat/public/publicspecies.pl?taxon_id=843
Limosa lapponica baueri,"Nunivak Bar-tailed Godwit, Western Alaskan Bar-tailed Godwit",Endangered,"[""WA"", ""NT"", ""SA"", ""QLD"", ""NSW"", ""VIC"", ""TAS""]",baueri,http://www.environment.gov.au/cgi-bin/sprat/public/publicspecies.pl?taxon_id=86380
Limosa lapponica menzbieri,"Northern Siberian Bar-tailed Godwit, Russkoye Bar-tailed Godwit",Endangered,"[""WA"", ""NT"", ""QLD""]",menzbieri,http://www.environment.gov.au/cgi-bin/sprat/public/publicspecies.pl?taxon_id=86432
Limosa limosa,Black-tailed Godwit,Endangered,"[""WA"", ""NT"", ""SA"", ""QLD"", ""NSW"", ""VIC"", ""TAS""]",-,http://www.environment.gov.au/cgi-bin/sprat/public/publicspecies.pl?taxon_id=845
Lophochroa leadbeateri leadbeateri,"Major Mitchell's Cockatoo (eastern), Eastern Major Mitchell's Cockatoo, Pink Cockatoo (eastern)",Endangered,"[""SA"", ""QLD"", ""NSW"", ""VIC""]",leadbeateri,http://www.environment.gov.au/cgi-bin/sprat/public/publicspecies.pl?taxon_id=82926
Macronectes giganteus,"Southern Giant-Petrel, Southern Giant Petrel",Endangered,"[""WA"", ""SA"", ""QLD"", ""NSW"", ""VIC"", ""TAS""]",-,http://www.environment.gov.au/cgi-bin/sprat/public/publicspecies.pl?taxon_id=1060
Macronectes halli,Northern Giant Petrel,Vulnerable,"[""WA"", ""SA"", ""QLD"", ""NSW"", ""VIC"", ""TAS""]",-,http://www.environment.gov.au/cgi-bin/sprat/public/publicspecies.pl?taxon_id=1061
Malurus coronatus coronatus,Purple-crowned Fairy-wren (western),Endangered,"[""WA"", ""NT""]",coronatus,http://www.environment.gov.au/cgi-bin/sprat/public/publicspecies.pl?taxon_id=64442
Malurus leucopterus edouardi,"White-winged Fairy-wren (Barrow Island), Barrow Island Black-and-white Fairy-wren",Vulnerable,"[""WA""]",edouardi,http://www.environment.gov.au/cgi-bin/sprat/public/publicspecies.pl?taxon_id=26194
Malurus leucopterus leucopterus,"White-winged Fairy-wren (Dirk Hartog Island), Dirk Hartog Black-and-White Fairy-wren",Vulnerable,"[""WA""]",leucopterus,http://www.environment.gov.au/cgi-bin/sprat/public/publicspecies.pl?taxon_id=26004
Manorina melanotis,Black-eared Miner,Endangered,"[""SA"", ""NSW"", ""VIC""]",-,http://www.environment.gov.au/cgi-bin/sprat/public/publicspecies.pl?taxon_id=449
Melanodryas cucullata cucullata,"South-eastern Hooded Robin, Hooded Robin (south-eastern)",Endangered,"[""SA"", ""QLD"", ""NSW"", ""VIC"", ""ACT""]",cucullata,http://www.environment.gov.au/cgi-bin/sprat/public/publicspecies.pl?taxon_id=67093
Melanodryas cucullata melvillensis,"Tiwi Islands Hooded Robin, Hooded Robin (Tiwi Islands)",Critically Endangered,"[""NT""]",melvillensis,http://www.environment.gov.au/cgi-bin/sprat/public/publicspecies.pl?taxon_id=67092
Melithreptus brevirostris magnirostris,Kangaroo Island Brown-headed Honeyeater,Endangered,"[""SA""]",magnirostris,http://www.environment.gov.au/cgi-bin/sprat/public/publicspecies.pl?taxon_id=80453
Mirafra javanica melvillensis,Horsfield's Bushlark (Tiwi Islands),Vulnerable,"[""NT""]",melvillensis,http://www.environment.gov.au/cgi-bin/sprat/public/publicspecies.pl?taxon_id=81011
Neochmia ruficauda ruficauda,"Star Finch (eastern), Star Finch (southern)",Endangered,"[""QLD"", ""NSW""]",ruficauda,http://www.environment.gov.au/cgi-bin/sprat/public/publicspecies.pl?taxon_id=26027
Neophema chrysogaster,Orange-bellied Parrot,Critically Endangered,"[""SA"", ""NSW"", ""VIC"", ""TAS""]",-,http://www.environment.gov.au/cgi-bin/sprat/public/publicspecies.pl?taxon_id=747
Neophema chrysostoma,Blue-winged Parrot,Vulnerable,"[""NT"", ""SA"", ""QLD"", ""NSW"", ""VIC"", ""TAS"", ""ACT""]",-,http://www.environment.gov.au/cgi-bin/sprat/public/publicspecies.pl?taxon_id=726
Nesoptilotis leucotis thomasi,Kangaroo Island White-eared Honeyeater,Endangered,"[""SA""]",thomasi,http://www.environment.gov.au/cgi-bin/sprat/public/publicspecies.pl?taxon_id=86394
Numenius madagascariensis,"Eastern Curlew, Far Eastern Curlew",Critically Endangered,"[""WA"", ""NT"", ""SA"", ""QLD"", ""NSW"", ""VIC"", ""TAS""]",-,http://www.environment.gov.au/cgi-bin/sprat/public/publicspecies.pl?taxon_id=847
Pachycephala rufogularis,Red-lored Whistler,Vulnerable,"[""SA"", ""NSW"", ""VIC""]",-,http://www.environment.gov.au/cgi-bin/sprat/public/publicspecies.pl?taxon_id=601
Pachyptila turtur subantarctica,Fairy Prion (southern),Vulnerable,"[""WA"", ""SA"", ""QLD"", ""NSW"", ""VIC"", ""TAS""]",subantarctica,http://www.environment.gov.au/cgi-bin/sprat/public/publicspecies.pl?taxon_id=64445
Pardalotus quadragintus,Forty-spotted Pardalote,Endangered,"[""TAS""]",-,http://www.environment.gov.au/cgi-bin/sprat/public/publicspecies.pl?taxon_id=418
Pedionomus torquatus,Plains-wanderer,Critically Endangered,"[""NT"", ""SA"", ""QLD"", ""NSW"", ""VIC""]",-,http://www.environment.gov.au/cgi-bin/sprat/public/publicspecies.pl?taxon_id=906
Pezoporus flaviventris,"Western Ground Parrot, Kyloring",Critically Endangered,"[""WA""]",-,http://www.environment.gov.au/cgi-bin/sprat/public/publicspecies.pl?taxon_id=84650
Pezoporus occidentalis,Night Parrot,Critically Endangered,"[""WA"", ""NT"", ""SA"", ""QLD"", ""NSW"", ""VIC""]",-,http://www.environment.gov.au/cgi-bin/sprat/public/publicspecies.pl?taxon_id=59350
Phaethon rubricauda westralis,"Red-tailed Tropicbird (Indian Ocean), Indian Ocean Red-tailed Tropicbird",Endangered,"[""WA""]",westralis,http://www.environment.gov.au/cgi-bin/sprat/public/publicspecies.pl?taxon_id=91824
Phoebetria fusca,Sooty Albatross,Vulnerable,"[""WA"", ""SA"", ""QLD"", ""NSW"", ""VIC"", ""TAS""]",-,http://www.environment.gov.au/cgi-bin/sprat/public/publicspecies.pl?taxon_id=1075
Platycercus caledonicus brownii,Green Rosella (King Island),Vulnerable,"[""TAS""]",brownii,http://www.environment.gov.au/cgi-bin/sprat/public/publicspecies.pl?taxon_id=67041
Platycercus elegans melanopterus,Kangaroo Island Crimson Rosella,Vulnerable,"[""SA""]",melanopterus,http://www.environment.gov.au/cgi-bin/sprat/public/publicspecies.pl?taxon_id=91209
Pluvialis squatarola,Grey Plover,Vulnerable,"[""WA"", ""NT"", ""SA"", ""QLD"", ""NSW"", ""VIC"", ""TAS""]",-,http://www.environment.gov.au/cgi-bin/sprat/public/publicspecies.pl?taxon_id=865
Poephila cincta cincta,Southern Black-throated Finch,Endangered,"[""QLD"", ""NSW""]",cincta,http://www.environment.gov.au/cgi-bin/sprat/public/publicspecies.pl?taxon_id=64447
Polytelis alexandrae,"Princess Parrot, Alexandra's Parrot",Vulnerable,"[""WA"", ""NT"", ""SA""]",-,http://www.environment.gov.au/cgi-bin/sprat/public/publicspecies.pl?taxon_id=758
Polytelis anthopeplus monarchoides,Regent Parrot (eastern),Vulnerable,"[""SA"", ""NSW"", ""VIC""]",monarchoides,http://www.environment.gov.au/cgi-bin/sprat/public/publicspecies.pl?taxon_id=59612
Polytelis swainsonii,Superb Parrot,Vulnerable,"[""NSW"", ""VIC"", ""ACT""]",-,http://www.environment.gov.au/cgi-bin/sprat/public/publicspecies.pl?taxon_id=738
Probosciger aterrimus macgillivrayi,Southern Palm Cockatoo,Endangered,"[""QLD""]",macgillivrayi,http://www.environment.gov.au/cgi-bin/sprat/public/publicspecies.pl?taxon_id=67033
Psephotus chrysopterygius,"Golden-shouldered Parrot, Alwal, Thaku, Arrmorral, Minpin",Endangered,"[""QLD""]",-,http://www.environment.gov.au/cgi-bin/sprat/public/publicspecies.pl?taxon_id=720
Psophodes leucogaster leucogaster,Mallee Whipbird,Endangered,"[""SA"", ""VIC""]",leucogaster,http://www.environment.gov.au/cgi-bin/sprat/public/publicspecies.pl?taxon_id=81025
Psophodes nigrogularis lashmari,Western Whipbird (Kangaroo Island),Endangered,"[""SA""]",lashmari,http://www.environment.gov.au/cgi-bin/sprat/public/publicspecies.pl?taxon_id=67098
Psophodes nigrogularis nigrogularis,Western Heath Whipbird,Endangered,"[""WA""]",nigrogularis,http://www.environment.gov.au/cgi-bin/sprat/public/publicspecies.pl?taxon_id=64449
Pterodroma heraldica,Herald Petrel,Critically Endangered,"[""QLD"", ""NSW""]",-,http://www.environment.gov.au/cgi-bin/sprat/public/publicspecies.pl?taxon_id=66973
Pterodroma leucoptera leucoptera,"Gould's Petrel, Australian Gould's Petrel",Endangered,"[""SA"", ""QLD"", ""NSW"", ""VIC"", ""TAS""]",leucoptera,http://www.environment.gov.au/cgi-bin/sprat/public/publicspecies.pl?taxon_id=26033
Pterodroma mollis,Soft-plumaged Petrel,Vulnerable,"[""WA"", ""SA"", ""VIC"", ""TAS""]",-,http://www.environment.gov.au/cgi-bin/sprat/public/publicspecies.pl?taxon_id=1036
Pterodroma neglecta neglecta,Kermadec Petrel (western),Vulnerable,"[""QLD"", ""NSW""]",neglecta,http://www.environment.gov.au/cgi-bin/sprat/public/publicspecies.pl?taxon_id=64450
Pycnoptilus floccosus,Pilotbird,Vulnerable,"[""NSW"", ""VIC"", ""ACT""]",-,http://www.environment.gov.au/cgi-bin/sprat/public/publicspecies.pl?taxon_id=525
Rostratula australis,Australian Painted Snipe,Endangered,"[""WA"", ""NT"", ""SA"", ""QLD"", ""NSW"", ""VIC"", ""ACT""]",-,http://www.environment.gov.au/cgi-bin/sprat/public/publicspecies.pl?taxon_id=77037
Stagonopleura bella samueli,"Western Beautiful Firetail, Beautiful Firetail (Mt Lofty Range and Kangaroo Island)",Endangered,"[""SA""]",samueli,http://www.environment.gov.au/cgi-bin/sprat/public/publicspecies.pl?taxon_id=80202
Stagonopleura guttata,Diamond Firetail,Vulnerable,"[""SA"", ""QLD"", ""NSW"", ""VIC"", ""ACT""]",-,http://www.environment.gov.au/cgi-bin/sprat/public/publicspecies.pl?taxon_id=59398
Sterna vittata bethunei,"New Zealand Antarctic Tern, Antarctic Tern (New Zealand)",Endangered,"[""TAS""]",bethunei,http://www.environment.gov.au/cgi-bin/sprat/public/publicspecies.pl?taxon_id=64451
Sternula albifrons,Little Tern,Vulnerable,"[""WA"", ""NT"", ""SA"", ""QLD"", ""NSW"", ""VIC"", ""TAS""]",-,http://www.environment.gov.au/cgi-bin/sprat/public/publicspecies.pl?taxon_id=82849
Sternula nereis nereis,Australian Fairy Tern,Vulnerable,"[""WA"", ""SA"", ""NSW"", ""VIC"", ""TAS""]",nereis,http://www.environment.gov.au/cgi-bin/sprat/public/publicspecies.pl?taxon_id=82950
Stipiturus malachurus halmaturinus,Kangaroo Island Southern Emu-wren,Endangered,"[""SA""]",halmaturinus,http://www.environment.gov.au/cgi-bin/sprat/public/publicspecies.pl?taxon_id=85046
Stipiturus malachurus intermedius,"Fleurieu Peninsula Southern Emu-wren, Mount Lofty Southern Emu-wren",Endangered,"[""SA""]",intermedius,http://www.environment.gov.au/cgi-bin/sprat/public/publicspecies.pl?taxon_id=26005
Stipiturus malachurus parimeda,"Southern Emu-wren (Eyre Peninsula), Eyre Peninsula Southern Emu-wren",Endangered,"[""SA""]",parimeda,http://www.environment.gov.au/cgi-bin/sprat/public/publicspecies.pl?taxon_id=26006
Stipiturus mallee,Mallee Emu-wren,Endangered,"[""SA"", ""VIC""]",-,http://www.environment.gov.au/cgi-bin/sprat/public/publicspecies.pl?taxon_id=59459
Strepera fuliginosa colei,Black Currawong (King Island),Vulnerable,"[""TAS""]",colei,http://www.environment.gov.au/cgi-bin/sprat/public/publicspecies.pl?taxon_id=67113
Strepera graculina crissalis,"Lord Howe Island Currawong, Pied Currawong (Lord Howe Island)",Vulnerable,"[""NSW""]",crissalis,http://www.environment.gov.au/cgi-bin/sprat/public/publicspecies.pl?taxon_id=25994
Thalassarche bulleri,"Buller's Albatross, Pacific Albatross",Vulnerable,"[""SA"", ""NSW"", ""VIC"", ""TAS""]",-,http://www.environment.gov.au/cgi-bin/sprat/public/publicspecies.pl?taxon_id=64460
Thalassarche bulleri platei,"Northern Buller's Albatross, Pacific Albatross",Vulnerable,"[""SA"", ""NSW"", ""VIC"", ""TAS""]",platei,http://www.environment.gov.au/cgi-bin/sprat/public/publicspecies.pl?taxon_id=82273
Thalassarche carteri,Indian Yellow-nosed  Albatross,Vulnerable,"[""WA"", ""SA"", ""QLD"", ""VIC"", ""TAS""]",-,http://www.environment.gov.au/cgi-bin/sprat/public/publicspecies.pl?taxon_id=64464
Thalassarche cauta,Shy Albatross,Endangered,"[""WA"", ""SA"", ""QLD"", ""NSW"", ""VIC"", ""TAS""]",-,http://www.environment.gov.au/cgi-bin/sprat/public/publicspecies.pl?taxon_id=89224
Thalassarche chrysostoma,Grey-headed Albatross,Endangered,"[""WA"", ""SA"", ""QLD"", ""NSW"", ""VIC"", ""TAS""]",-,http://www.environment.gov.au/cgi-bin/sprat/public/publicspecies.pl?taxon_id=66491
Thalassarche eremita,Chatham Albatross,Endangered,"[""NSW"", ""VIC"", ""TAS""]",-,http://www.environment.gov.au/cgi-bin/sprat/public/publicspecies.pl?taxon_id=64457
Thalassarche impavida,"Campbell Albatross, Campbell Black-browed Albatross",Vulnerable,"[""WA"", ""SA"", ""QLD"", ""NSW"", ""VIC"", ""TAS""]",-,http://www.environment.gov.au/cgi-bin/sprat/public/publicspecies.pl?taxon_id=64459
Thalassarche melanophris,Black-browed Albatross,Vulnerable,"[""WA"", ""SA"", ""QLD"", ""NSW"", ""VIC"", ""TAS""]",-,http://www.environment.gov.au/cgi-bin/sprat/public/publicspecies.pl?taxon_id=66472
Thalassarche salvini,Salvin's Albatross,Vulnerable,"[""WA"", ""SA"", ""QLD"", ""NSW"", ""VIC"", ""TAS""]",-,http://www.environment.gov.au/cgi-bin/sprat/public/publicspecies.pl?taxon_id=64463
Thalassarche steadi,White-capped Albatross,Vulnerable,"[""WA"", ""SA"", ""QLD"", ""NSW"", ""VIC"", ""TAS""]",-,http://www.environment.gov.au/cgi-bin/sprat/public/publicspecies.pl?taxon_id=64462
Thinornis cucullatus cucullatus,"Eastern Hooded Plover, Eastern Hooded Plover",Vulnerable,"[""SA"", ""NSW"", ""VIC"", ""TAS""]",cucullatus,http://www.environment.gov.au/cgi-bin/sprat/public/publicspecies.pl?taxon_id=90381
Tringa nebularia,"Common Greenshank, Greenshank",Endangered,"[""WA"", ""NT"", ""SA"", ""QLD"", ""NSW"", ""VIC"", ""TAS"", ""ACT""]",-,http://www.environment.gov.au/cgi-bin/sprat/public/publicspecies.pl?taxon_id=832
Turnix melanogaster,Black-breasted Button-quail,Vulnerable,"[""QLD"", ""NSW""]",-,http://www.environment.gov.au/cgi-bin/sprat/public/publicspecies.pl?taxon_id=923
Turnix olivii,Buff-breasted Button-quail,Critically Endangered,"[""QLD""]",-,http://www.environment.gov.au/cgi-bin/sprat/public/publicspecies.pl?taxon_id=59293
Turnix varius scintillans,Painted Button-quail (Houtman Abrolhos),Endangered,"[""WA""]",scintillans,http://www.environment.gov.au/cgi-bin/sprat/public/publicspecies.pl?taxon_id=82451
Tyto novaehollandiae castanops (Tasmanian population),Masked Owl (Tasmanian),Vulnerable,"[""TAS""]",castanops (Tasmanian population),http://www.environment.gov.au/cgi-bin/sprat/public/publicspecies.pl?taxon_id=67051
Tyto novaehollandiae kimberli,Masked Owl (northern),Vulnerable,"[""WA"", ""NT"", ""QLD""]",kimberli,http://www.environment.gov.au/cgi-bin/sprat/public/publicspecies.pl?taxon_id=26048
Tyto novaehollandiae melvillensis,"Tiwi Masked Owl, Tiwi Islands Masked Owl",Endangered,"[""NT""]",melvillensis,http://www.environment.gov.au/cgi-bin/sprat/public/publicspecies.pl?taxon_id=26049
Xenus cinereus,Terek Sandpiper,Vulnerable,"[""WA"", ""NT"", ""SA"", ""QLD"", ""NSW"", ""VIC"", ""TAS""]",-,http://www.environment.gov.au/cgi-bin/sprat/public/publicspecies.pl?taxon_id=59300
Zoothera lunulata halmaturina,"South Australian Bassian Thrush, Western Bassian Thrush",Endangered,"[""SA""]",halmaturina,http://www.environment.gov.au/cgi-bin/sprat/public/publicspecies.pl?taxon_id=67121
